,date,symbol,mcap,price,volume
0,20140101,BTC,9403308442.61,771.4,22489442.0
1,20140101,LTC,602481995.28,24.62,8092537.5
2,20140101,XRP,210649025.37,0.02694,58533.45
3,20140101,PPC,120494320.26,5.74,3891495.5
4,20140101,OMNI,96761998.54,156.2,105056.1
5,20140101,NXT,70191087.64,0.07019,556022.0
6,20140101,NMC,43064148.55,5.63,2237265.25
7,20140101,QRK,28006973.73,0.1134,66098.96
8,20140101,PTS,25014512.83,20.14,56195.52
9,20140101,MEC,18310273.78,0.8501,33688.31
10,20140101,WDC,18186385.5,0.477,56924.81
11,20140101,XPM,12807620.47,3.35,390839.09
12,20140101,FTC,10048259.6,0.3548,149247.81
13,20140101,IFC,9087078.44,0.0001017,64612.0
14,20140101,DOGE,8335004.87,0.0004397,307917.31
15,20140101,NVC,7610850.48,14.04,68021.23
16,20140101,ZET,6391553.8,0.04011,12904.36
17,20140101,NET,5722980.86,0.02981,109716.33
18,20140101,DVC,4818847.02,0.0008023,21296.02
19,20140101,TIX,4628067.05,6.92e-05,54425.98
20,20140201,BTC,10275203022.91,832.58,19668662.0
21,20140201,LTC,569696731.75,22.47,6694193.0
22,20140201,XRP,161815321.65,0.0207,123949.39
23,20140201,PPC,125985934.51,5.97,2100246.25
24,20140201,NXT,66439750.1,0.06644,156598.81
25,20140201,DOGE,59979965.24,0.001457,1084154.13
26,20140201,OMNI,48226607.12,77.85,10274.46
27,20140201,NMC,44589412.41,5.63,1682297.0
28,20140201,QRK,26787182.3,0.1082,157119.14
29,20140201,PTS,18124420.89,12.86,18822.61
30,20140201,MEC,13935092.33,0.6338,20153.58
31,20140201,WDC,13802401.69,0.3225,69344.8
32,20140201,XPM,13295448.07,3.12,125995.67
33,20140201,IFC,10031910.14,0.0001115,21707.98
34,20140201,FTC,9552282.27,0.2997,157926.02
35,20140201,NVC,7599623.2,13.1,41540.35
36,20140201,TIX,4083552.56,6.106e-05,6643.43
37,20140201,DVC,3467379.88,0.0005583,5806.84
38,20140201,DGC,3432699.32,0.2665,9946.79
39,20140201,ZET,3336066.98,0.02086,8786.9
40,20140301,BTC,7049084125.44,565.61,18668122.0
41,20140301,LTC,356989733.29,13.65,3267216.5
42,20140301,AUR,166606057.75,15.73,159726.27
43,20140301,XRP,107881540.93,0.0138,111575.41
44,20140301,PPC,69789301.41,3.29,332363.41
45,20140301,DOGE,58696933.28,0.001057,1227768.0
46,20140301,NXT,45722673.27,0.04572,131383.33
47,20140301,OMNI,32182674.22,51.95,7489.26
48,20140301,NMC,27554219.32,3.38,218436.28
49,20140301,XCP,12584472.93,4.75,30099.26
50,20140301,PTS,11873388.53,7.64,2113913.5
51,20140301,QRK,11552204.46,0.04665,88252.88
52,20140301,FTC,7895149.96,0.2257,53678.55
53,20140301,MEC,7113252.79,0.3177,124790.38
54,20140301,XPM,6826620.45,1.48,99290.88
55,20140301,IFC,6370440.57,7.056e-05,171019.94
56,20140301,NVC,5461163.74,7.58,29904.18
57,20140301,WDC,4731530.83,0.1013,96337.77
58,20140301,VTC,3732472.04,1.69,88108.2
59,20140301,DASH,3303524.56,0.9373,252311.33
60,20140401,BTC,6023349256.85,478.37,35685848.0
61,20140401,LTC,355878402.57,13.13,7346123.5
62,20140401,XRP,68458143.54,0.008757,172709.38
63,20140401,PPC,43731555.64,2.06,214072.5
64,20140401,DOGE,35541906.91,0.000537,845769.75
65,20140401,AUR,32960252.91,3.09,289121.09
66,20140401,NXT,30022074.62,0.03002,84800.51
67,20140401,OMNI,21295097.4,34.38,1630.16
68,20140401,NMC,19763972.5,2.35,127565.9
69,20140401,PTS,9662160.21,6.14,86348.79
70,20140401,MTC,8540112.83,1.18,1751.56
71,20140401,XCP,5753085.39,2.17,6892.72
72,20140401,QRK,5055525.56,0.02041,13063.31
73,20140401,FTC,4916055.9,0.1282,36177.38
74,20140401,XPM,4264788.07,0.8458,217723.86
75,20140401,NVC,4065633.33,5.39,102870.63
76,20140401,XSV,3862370.95,0.2198,1513.6
77,20140401,VTC,3569110.43,1.15,85077.98
78,20140401,DASH,2815060.81,0.7241,36210.64
79,20140401,IFC,2540987.14,2.809e-05,46151.38
80,20140501,BTC,5821427536.68,457.76,12871837.0
81,20140501,LTC,310545854.64,11.1,4444332.5
82,20140501,PPC,47441168.09,2.22,148219.05
83,20140501,XRP,42319438.85,0.005413,167861.3
84,20140501,DOGE,38085579.52,0.0005045,542605.88
85,20140501,NXT,23055874.47,0.02306,29931.46
86,20140501,OMNI,22783984.17,36.78,16070.46
87,20140501,NMC,19338333.29,2.24,195034.0
88,20140501,BLK,8475473.37,0.1137,255929.92
89,20140501,MAID,6364977.87,0.01406,10438.78
90,20140501,DASH,6351414.17,1.52,232683.78
91,20140501,PTS,6004760.34,3.68,6604.55
92,20140501,AUR,5888435.01,0.5473,8645.49
93,20140501,QRK,4567902.87,0.01843,8617.39
94,20140501,ZET,4435928.51,0.02766,64419.66
95,20140501,XPM,4330486.05,0.7903,22562.27
96,20140501,XCP,4138396.57,1.56,1070.41
97,20140501,FTC,3775908.08,0.09073,14266.36
98,20140501,VTC,3561531.89,0.8991,37879.55
99,20140501,NVC,2478133.35,3.16,8952.0
100,20140601,BTC,8094127199.29,630.23,45259060.0
101,20140601,LTC,321886161.81,11.14,7308224.5
102,20140601,NXT,57204901.33,0.05721,371766.75
103,20140601,DASH,56209180.93,12.93,3460748.25
104,20140601,PPC,43310327.77,2.02,479737.69
105,20140601,DOGE,32411576.04,0.0004027,1715412.88
106,20140601,XRP,31988958.98,0.004092,246244.05
107,20140601,NMC,20355604.12,2.28,399373.56
108,20140601,BLK,15261384.8,0.2047,2687973.75
109,20140601,OMNI,10349619.4,16.71,8832.52
110,20140601,PTS,7275718.14,4.44,53169.92
111,20140601,XCP,7060670.61,2.67,10456.37
112,20140601,XC,6835715.86,1.24,1573057.63
113,20140601,MAID,6512654.6,0.01439,11695.44
114,20140601,VTC,4348691.41,0.896,52805.06
115,20140601,QRK,3978265.46,0.01605,10587.3
116,20140601,XPM,3452777.28,0.5918,60798.87
117,20140601,FTC,2738997.85,0.06105,28611.57
118,20140601,AUR,2622490.58,0.2413,3387.16
119,20140601,QORA,2549969.07,0.000255,30959.46
120,20140701,BTC,8311322251.41,640.81,38446312.0
121,20140701,LTC,232339334.41,7.79,6485844.0
122,20140701,NXT,62090124.43,0.06209,258818.58
123,20140701,DASH,35002956.63,7.9,689083.5
124,20140701,PPC,29958395.85,1.39,147570.89
125,20140701,XRP,28326172.36,0.003623,241869.86
126,20140701,DOGE,22067667.32,0.0002588,448434.09
127,20140701,NMC,16295696.34,1.78,213734.47
128,20140701,BLK,10587614.4,0.142,199683.88
129,20140701,OMNI,9624426.0,15.54,2388.53
130,20140701,BCN,8022415.41,5.119e-05,3807.33
131,20140701,PTS,7468591.74,4.54,20924.49
132,20140701,MAID,7457665.41,0.01648,3684.76
133,20140701,VRC,7347458.85,0.2744,1292154.13
134,20140701,XCP,5436261.9,2.05,5375.51
135,20140701,XC,4418634.48,0.8012,88295.32
136,20140701,ZET,4362417.52,0.02716,89751.6
137,20140701,XMR,4239460.95,2.35,98540.17
138,20140701,QRK,3889980.44,0.01569,9088.75
139,20140701,NTR,3518350.12,0.01672,1327.85
140,20140801,BTC,7786790644.73,594.92,18215930.0
141,20140801,LTC,236842447.33,7.7,1849424.13
142,20140801,NXT,44584122.47,0.04458,36561.59
143,20140801,XRP,44307695.37,0.005369,393153.47
144,20140801,PPC,25761578.25,1.19,83444.05
145,20140801,DASH,25521300.11,5.64,252697.97
146,20140801,BTS,19172589.49,0.009587,136484.17
147,20140801,DOGE,18721334.37,0.0002109,162767.67
148,20140801,NMC,15061444.84,1.59,32049.25
149,20140801,MAID,11614681.83,0.02566,16656.78
150,20140801,MONA,7446058.9,0.7177,83734.01
151,20140801,PTS,7073020.89,4.27,27951.52
152,20140801,XMR,6670825.07,2.67,145176.78
153,20140801,XCP,6591707.16,2.49,6174.69
154,20140801,BLK,6483706.45,0.08687,70291.28
155,20140801,CLOAK,6363732.8,1.41,267011.78
156,20140801,XC,5411126.57,0.98,43315.73
157,20140801,RDD,4043347.79,0.0001501,183426.3
158,20140801,BCN,3783024.6,2.379e-05,2174.65
159,20140801,OMNI,3005137.14,5.34,8691.14
160,20140901,BTC,6276310716.33,474.88,20432028.0
161,20140901,LTC,149180016.86,4.71,2185087.75
162,20140901,XRP,145684460.42,0.005025,267094.84
163,20140901,BTS,56486570.87,0.02824,872095.38
164,20140901,NXT,27111269.03,0.02711,38029.11
165,20140901,PPC,16884492.26,0.7787,39953.98
166,20140901,DOGE,11901209.63,0.0001306,132859.97
167,20140901,DASH,10455644.59,2.27,73376.66
168,20140901,NMC,9813616.45,1.01,105290.39
169,20140901,MAID,8238342.43,0.0182,3484.01
170,20140901,XMR,6443262.98,2.04,268278.69
171,20140901,BTCD,5839091.87,4.94,69355.64
172,20140901,XCP,5294082.91,2.0,17432.7
173,20140901,PTS,4934093.08,2.89,23815.42
174,20140901,XC,3826752.57,0.6917,7017.48
175,20140901,BLK,3122822.94,0.04183,15299.53
176,20140901,BCN,2770085.11,1.72e-05,1135.15
177,20140901,OMNI,2521633.29,4.48,1072.87
178,20140901,MONA,2161576.5,0.1866,14722.94
179,20140901,XLM,2096570.49,0.00201,27974.93
180,20141001,BTC,5115682007.4,383.61,26229440.0
181,20141001,LTC,144081918.03,4.43,1172181.88
182,20141001,XRP,137768275.66,0.004752,64998.25
183,20141001,BTS,64615822.17,0.03231,183852.58
184,20141001,DOGE,34745143.99,0.0003711,1031355.63
185,20141001,NXT,28307899.58,0.02831,43186.18
186,20141001,PPC,20869333.56,0.9581,65129.23
187,20141001,DASH,11577450.43,2.46,223262.7
188,20141001,NMC,10530843.64,1.06,48607.11
189,20141001,MAID,9115424.56,0.02014,45630.25
190,20141001,PTS,6171851.83,3.56,62867.22
191,20141001,BTCD,5340456.63,4.5,41567.84
192,20141001,XCP,5223599.13,1.97,5366.85
193,20141001,XMR,4526488.46,1.2,65139.91
194,20141001,UNITY,4502350.34,5.52,41226.25
195,20141001,BLK,4153269.5,0.05561,18274.93
196,20141001,XLM,3734794.44,0.00288,70179.95
197,20141001,NXTV,3256167.41,3.26,8104.6
198,20141001,XC,2835280.02,0.5114,2301.15
199,20141001,BCN,2560933.7,1.572e-05,7699.34
200,20141101,BTC,4382113896.08,325.75,16677188.0
201,20141101,XRP,135404746.04,0.004671,190204.41
202,20141101,LTC,119360039.43,3.57,2476223.25
203,20141101,BTS,29014272.03,0.01451,486099.59
204,20141101,DOGE,21654251.12,0.000228,18844554.0
205,20141101,NXT,17866522.34,0.01787,74808.66
206,20141101,PPC,16592052.91,0.7595,94328.68
207,20141101,MAID,9916600.37,0.02191,49210.7
208,20141101,XCP,9223654.67,3.48,16641.09
209,20141101,NMC,8633971.79,0.8499,11466.3
210,20141101,DASH,8034954.9,1.67,32685.72
211,20141101,PTS,2660191.39,1.51,26482.38
212,20141101,NXTTY,2590716.58,0.002591,2576.64
213,20141101,XMR,2565703.44,0.5858,33871.66
214,20141101,BTCD,2454789.55,2.06,29662.85
215,20141101,BLK,2310275.59,0.03093,12067.06
216,20141101,XLM,2304265.75,0.001548,494272.44
217,20141101,USNBT,2242843.52,1.0,11185.17
218,20141101,UNITY,2073933.69,2.54,7765.23
219,20141101,BCN,1768933.53,1.074e-05,4745.98
220,20141201,BTC,5143440191.72,379.25,11762986.0
221,20141201,XRP,387823660.32,0.01256,3453746.5
222,20141201,LTC,122774759.98,3.58,1275116.25
223,20141201,BTS,48807519.88,0.01954,285530.72
224,20141201,DOGE,23250671.21,0.0002415,301616.66
225,20141201,NXT,19760759.9,0.01976,34834.45
226,20141201,PPC,16084627.62,0.7342,31375.61
227,20141201,XCP,14787733.66,5.59,8401.86
228,20141201,MAID,13479639.33,0.02979,18835.54
229,20141201,DASH,11622841.32,2.37,46361.8
230,20141201,NMC,9451222.26,0.9087,18229.56
231,20141201,XLM,9003301.48,0.002541,73122.25
232,20141201,FC2,5764792.49,0.05759,7591.03
233,20141201,NSR,4396816.04,0.007273,67570.88
234,20141201,UNITY,3224583.47,3.95,9252.79
235,20141201,BTCD,2963935.8,2.48,4227.49
236,20141201,BANX,2933006.89,1.13,17042.84
237,20141201,XMR,2344415.88,0.4745,78718.09
238,20141201,USNBT,2249526.04,1.0,268100.59
239,20141201,BLK,2166947.26,0.029,135332.03
240,20150101,BTC,4297535254.01,314.25,8036547.0
241,20150101,XRP,755559204.14,0.02439,399022.44
242,20150101,XPY,95951277.32,7.78,427807.13
243,20150101,LTC,95086706.84,2.7,770692.69
244,20150101,BTS,40794405.67,0.01633,116338.34
245,20150101,MAID,24447792.8,0.05402,13094.27
246,20150101,XLM,19541311.09,0.005493,20514.34
247,20150101,DOGE,17778475.75,0.0001829,306912.72
248,20150101,NXT,17703597.25,0.0177,22125.05
249,20150101,PPC,12831534.34,0.5838,33766.12
250,20150101,XCP,10525992.65,3.98,5316.56
251,20150101,DASH,9714873.81,1.94,14957.15
252,20150101,NMC,7459610.68,0.7036,12194.05
253,20150101,FC2,5031661.77,0.05023,4161.43
254,20150101,NSR,4135005.74,0.006819,3455.85
255,20150101,UNITY,3921723.97,4.81,4375.44
256,20150101,YBC,3356684.09,1.12,34600.05
257,20150101,BANX,2926530.28,1.13,4241.12
258,20150101,XMR,2561248.62,0.4658,24999.77
259,20150101,BLK,2305483.0,0.03084,73203.58
260,20150201,BTC,3129632209.53,226.97,29128458.0
261,20150201,XRP,437986234.56,0.01414,852106.0
262,20150201,LTC,65106975.28,1.8,2661610.75
263,20150201,BTS,26143405.16,0.01047,122707.35
264,20150201,XPY,19897205.56,1.58,84445.59
265,20150201,XLM,14874644.54,0.004142,70974.52
266,20150201,DOGE,14084122.95,0.0001439,199772.38
267,20150201,MAID,14029362.25,0.031,5224.61
268,20150201,NXT,11894225.06,0.01189,27246.68
269,20150201,DASH,9588423.11,1.88,296157.16
270,20150201,PPC,7434526.41,0.3371,68119.41
271,20150201,NMC,5252078.47,0.4857,11182.53
272,20150201,XCP,5210856.97,1.97,3085.59
273,20150201,NSR,5005294.37,0.008229,9864.68
274,20150201,BANX,4413416.56,1.23,768.83
275,20150201,YBC,2885873.79,0.962,89680.79
276,20150201,USNBT,2304652.42,1.03,683360.81
277,20150201,UNITY,2274728.13,2.79,10394.35
278,20150201,XMR,1809687.94,0.3,17050.53
279,20150201,BCN,1630360.47,9.645e-06,5840.03
280,20150301,BTC,3615184871.86,260.2,25213656.0
281,20150301,XRP,390514760.63,0.01224,1496972.38
282,20150301,LTC,69797587.31,1.89,1697215.25
283,20150301,BTS,26644748.13,0.01065,108475.49
284,20150301,DASH,17199121.16,3.33,89917.31
285,20150301,MAID,14812231.84,0.03273,6218.33
286,20150301,DOGE,14350879.65,0.0001458,91861.59
287,20150301,NXT,13380912.39,0.01338,25290.83
288,20150301,XPY,12654260.87,0.9227,13785.84
289,20150301,XLM,10061646.51,0.002781,17782.14
290,20150301,PPC,8569213.56,0.3874,23039.89
291,20150301,NMC,5475049.1,0.4974,9858.7
292,20150301,BANX,5062852.18,1.41,4493.31
293,20150301,XCP,3316135.31,1.25,4661.27
294,20150301,NSR,3303360.16,0.004654,1337.03
295,20150301,UNITY,2770672.03,3.4,1719.18
296,20150301,XMR,2768485.88,0.426,23254.58
297,20150301,YBC,2758976.7,0.9197,24715.4
298,20150301,USNBT,2319838.72,1.02,17999.8
299,20150301,MONA,1741741.24,0.1024,7502.6
300,20150401,BTC,3463621235.47,247.27,22877226.0
301,20150401,XRP,244673219.17,0.007668,708057.5
302,20150401,LTC,62908786.07,1.66,1245880.63
303,20150401,DASH,20119964.1,3.83,242956.75
304,20150401,BTS,15756967.43,0.00629,28890.92
305,20150401,DOGE,12653511.41,0.000128,74920.86
306,20150401,XLM,12046277.97,0.002803,10522.59
307,20150401,NXT,10189801.67,0.01019,48830.05
308,20150401,XPY,8959954.89,0.5972,70258.22
309,20150401,MAID,8675354.39,0.01917,8867.19
310,20150401,PPC,7146817.81,0.322,19297.09
311,20150401,XMR,7042496.32,1.01,119202.7
312,20150401,BANX,4808476.11,1.34,13963.92
313,20150401,NMC,4425392.47,0.3939,4213.19
314,20150401,YBC,3517429.95,1.17,38750.75
315,20150401,XCP,2887002.33,1.09,6578.47
316,20150401,NSR,2650796.48,0.003241,1530.64
317,20150401,MONA,2616312.51,0.1442,21590.96
318,20150401,BCN,2461062.06,1.436e-05,4579.73
319,20150401,XEM,2180938.99,0.0002423,65524.86
320,20150501,BTC,3275581427.49,232.08,18815292.0
321,20150501,XRP,255858042.88,0.008018,663959.13
322,20150501,LTC,54371767.07,1.41,1169672.0
323,20150501,DASH,14619348.83,2.74,149552.36
324,20150501,XLM,12765342.22,0.002647,5404.7
325,20150501,MAID,10611174.88,0.02345,6617.4
326,20150501,DOGE,9689693.4,9.764e-05,110576.58
327,20150501,NXT,9226127.74,0.009226,10649.18
328,20150501,BTS,8760471.32,0.003492,40136.7
329,20150501,BANX,7216948.66,1.42,14647.0
330,20150501,PPC,5106784.01,0.2293,5955.17
331,20150501,BCN,4668218.18,2.709e-05,8068.98
332,20150501,XMR,3712413.11,0.5,13569.47
333,20150501,NMC,3655447.8,0.3194,10852.32
334,20150501,YBC,2893428.68,0.9645,46396.51
335,20150501,XCP,2489262.69,0.9423,914.5
336,20150501,XPY,2078273.18,0.1323,17612.07
337,20150501,NSR,1957156.16,0.002404,1182.85
338,20150501,SWARM,1583102.07,0.01584,1515.92
339,20150501,MONA,1442034.74,0.07502,13253.46
340,20150601,BTC,3171169613.64,222.93,26090512.0
341,20150601,XRP,241819599.7,0.007579,777564.75
342,20150601,LTC,63899978.08,1.62,1998469.25
343,20150601,BTS,15228822.67,0.006063,127882.95
344,20150601,XLM,14866603.68,0.003073,20680.56
345,20150601,DASH,14374991.76,2.65,75761.13
346,20150601,DOGE,14097605.25,0.0001415,349099.69
347,20150601,NXT,10641154.66,0.01064,22836.26
348,20150601,BANX,7951115.54,1.36,12280.18
349,20150601,MAID,7652042.46,0.01691,4374.84
350,20150601,BCN,6303391.08,3.636e-05,14163.15
351,20150601,PPC,6207433.1,0.2775,64170.86
352,20150601,NMC,3586830.67,0.3077,23566.56
353,20150601,XMR,3571320.61,0.4516,21924.02
354,20150601,YBC,2807506.26,0.9358,51091.35
355,20150601,BLK,2350441.5,0.03137,18712.07
356,20150601,XCP,2335229.03,0.8843,1762.48
357,20150601,MONA,2306753.95,0.1149,3678.0
358,20150601,IFC,2092985.07,2.31e-05,54160.76
359,20150601,NSR,1625996.21,0.002001,521.91
360,20150701,BTC,3707306204.4,258.62,27029822.0
361,20150701,XRP,357323849.16,0.0112,558247.56
362,20150701,LTC,158580741.46,3.92,7113185.0
363,20150701,DOGE,19332929.6,0.0001933,385336.69
364,20150701,BTS,17125122.5,0.006817,60573.66
365,20150701,XLM,16728457.75,0.003458,13853.07
366,20150701,DASH,15552544.14,2.82,49328.92
367,20150701,NXT,13182487.24,0.01318,58706.54
368,20150701,PPC,10861158.25,0.4838,239768.89
369,20150701,BANX,10758198.78,1.74,6129.54
370,20150701,MAID,8495014.83,0.01877,8537.88
371,20150701,NMC,7824985.47,0.6591,83176.48
372,20150701,BCN,5688531.16,3.265e-05,4871.86
373,20150701,XMR,4155696.47,0.4988,16985.88
374,20150701,START,3995451.02,0.1491,45200.54
375,20150701,BLK,3559973.32,0.0475,72258.04
376,20150701,MONA,3470982.77,0.1658,4740.63
377,20150701,XCP,3271038.08,1.24,2458.02
378,20150701,YBC,2892313.6,0.9641,50098.27
379,20150701,XPM,2375652.79,0.2231,244741.06
380,20150801,BTC,4069124088.27,281.6,18995048.0
381,20150801,XRP,262351865.18,0.008222,196429.03
382,20150801,LTC,171588211.76,4.15,6284531.5
383,20150801,DASH,20342041.98,3.61,63208.81
384,20150801,DOGE,17575915.25,0.000175,157221.23
385,20150801,MAID,14755943.37,0.03261,6162.53
386,20150801,BANX,13457631.06,1.89,7869.36
387,20150801,BCN,13427594.07,7.669e-05,39970.18
388,20150801,XLM,12778538.48,0.002642,11103.28
389,20150801,BTS,12232935.2,0.00487,24336.11
390,20150801,PPC,11208700.62,0.4976,105262.19
391,20150801,NXT,11194651.1,0.01119,25404.24
392,20150801,NMC,7391845.52,0.6105,37806.77
393,20150801,XMR,5150909.97,0.5887,47982.11
394,20150801,XCP,4710774.51,1.78,2395.86
395,20150801,ETC,2961136.58,2.96,9119.74
396,20150801,YBC,2704439.88,0.9015,65010.32
397,20150801,CLAM,2456393.71,3.05,11956.64
398,20150801,BLK,2425184.6,0.03235,23824.4
399,20150801,MONA,2401031.13,0.1111,2637.52
400,20150901,BTC,3322554401.63,228.12,20575206.0
401,20150901,XRP,253894522.69,0.007815,401902.94
402,20150901,LTC,118709526.01,2.82,1376038.0
403,20150901,ETH,98507852.28,1.35,778861.69
404,20150901,DASH,14586373.29,2.54,70242.53
405,20150901,DOGE,12814625.4,0.0001271,68704.35
406,20150901,BANX,12369430.0,1.73,8979.07
407,20150901,XLM,11779813.27,0.002435,4817.81
408,20150901,BCN,10105075.6,5.747e-05,16594.26
409,20150901,MAID,9989953.4,0.02207,12773.41
410,20150901,BTS,8423110.24,0.003353,37946.0
411,20150901,NXT,8048025.8,0.008048,10544.7
412,20150901,PPC,7757871.39,0.3433,25895.51
413,20150901,NMC,4879591.07,0.3951,8267.46
414,20150901,XMR,4195022.78,0.4585,13803.79
415,20150901,TRMB,2466542.81,0.157,16839.33
416,20150901,MONA,2384095.99,0.1075,1150.42
417,20150901,XCP,2306270.41,0.8737,2165.14
418,20150901,YBC,1860717.24,0.6202,16261.37
419,20150901,BLK,1675998.39,0.02235,3911.8
420,20151001,BTC,3486370918.98,237.55,20488800.0
421,20151001,XRP,177004868.35,0.005448,557596.88
422,20151001,LTC,127686130.14,3.0,1644009.0
423,20151001,ETH,50805887.61,0.6902,596084.38
424,20151001,BTS,15185923.21,0.006045,121291.68
425,20151001,DASH,13396704.79,2.29,48612.37
426,20151001,BANX,12953309.95,1.81,9360.47
427,20151001,DOGE,12387831.63,0.0001224,28259.82
428,20151001,XLM,10760213.5,0.002224,12893.78
429,20151001,PPC,8834018.84,0.3898,22284.79
430,20151001,MAID,8423769.16,0.01861,46628.77
431,20151001,NXT,8262068.25,0.008262,14448.8
432,20151001,NMC,4732051.91,0.3765,32165.9
433,20151001,BCN,4424786.15,2.507e-05,11373.03
434,20151001,TRMB,4096588.98,0.1573,34091.71
435,20151001,XMR,3852807.63,0.4047,27171.58
436,20151001,XCP,2338594.14,0.8861,733.0
437,20151001,MONA,2050261.4,0.09025,4341.98
438,20151001,BLK,2036568.85,0.02715,3754.28
439,20151001,YBC,1767154.28,0.5891,21096.39
440,20151101,BTC,4813284493.67,325.43,37001108.0
441,20151101,LTC,170183389.6,3.96,3801479.75
442,20151101,XRP,162511634.35,0.004901,490105.47
443,20151101,ETH,78530175.58,1.06,588913.06
444,20151101,DASH,15842369.86,2.66,79513.27
445,20151101,DOGE,14362087.9,0.0001413,65837.34
446,20151101,BTS,10921897.41,0.004348,86421.17
447,20151101,XLM,10294793.18,0.002128,10484.2
448,20151101,PPC,8677780.62,0.3817,37131.25
449,20151101,NXT,7624970.96,0.007625,12105.17
450,20151101,MAID,7370540.29,0.01629,21399.56
451,20151101,TRMB,6482569.52,0.1583,36344.57
452,20151101,BCN,6323254.07,3.569e-05,561.41
453,20151101,NMC,5038319.66,0.3937,13505.1
454,20151101,XMR,4187538.89,0.4235,27613.45
455,20151101,GRC,3778434.36,0.01023,9371.2
456,20151101,XCP,2832257.47,1.07,12966.44
457,20151101,DGB,2174009.61,0.0004122,28591.75
458,20151101,YBC,2128245.06,0.7094,52518.71
459,20151101,BLK,2072928.36,0.02762,11550.19
460,20151201,BTC,5403659484.42,362.49,60452208.0
461,20151201,LTC,149109386.31,3.43,2841631.5
462,20151201,XRP,137170516.86,0.00409,312400.53
463,20151201,ETH,65738037.41,0.8748,652857.0
464,20151201,DOGE,12986514.1,0.0001273,132870.27
465,20151201,DASH,12570194.45,2.08,37006.71
466,20151201,PPC,9326280.57,0.4089,109511.81
467,20151201,XLM,8410230.29,0.001739,4810.21
468,20151201,BTS,8096982.22,0.003195,92897.44
469,20151201,NXT,6054526.31,0.006055,31282.64
470,20151201,NMC,5897437.27,0.4526,32328.73
471,20151201,MAID,5621958.86,0.01242,16950.42
472,20151201,NSR,4898340.13,0.00594,1016.35
473,20151201,GRC,4413168.46,0.01191,8851.25
474,20151201,BCN,4223281.47,2.376e-05,8848.9
475,20151201,RBY,3900006.3,0.1737,4169.19
476,20151201,XMR,3845800.22,0.376,20745.65
477,20151201,GCR,2473382.15,0.02471,65016.83
478,20151201,YBC,1959394.32,0.6519,38052.52
479,20151201,XCP,1873356.37,0.7112,6564.87
480,20160101,BTC,6529295683.57,434.33,36278856.0
481,20160101,XRP,199716546.06,0.005955,211767.44
482,20160101,LTC,153910921.49,3.51,2791166.25
483,20160101,ETH,71980416.23,0.948,206062.28
484,20160101,DASH,20614654.86,3.38,98317.07
485,20160101,DOGE,15821162.83,0.0001544,105224.06
486,20160101,PPC,9511809.31,0.4157,29451.75
487,20160101,BTS,8777084.45,0.00346,18589.87
488,20160101,XLM,8456618.58,0.001748,4947.47
489,20160101,NXT,6677561.14,0.006678,11145.54
490,20160101,MAID,6514439.9,0.01439,5787.2
491,20160101,NMC,6023931.77,0.4538,10558.05
492,20160101,BCN,5481033.95,3.074e-05,7178.14
493,20160101,XMR,5259522.1,0.4979,88913.65
494,20160101,FCT,5178074.88,0.5915,502537.91
495,20160101,GRC,3260224.13,0.008775,2095.17
496,20160101,RBY,3117577.46,0.1382,1264.01
497,20160101,EMC,2859828.78,0.07772,1244.22
498,20160101,CLAM,2197584.9,1.44,9334.57
499,20160101,BLK,2080739.82,0.02768,5672.08
500,20160201,BTC,5653741138.89,373.06,51656732.0
501,20160201,XRP,221896025.22,0.006542,830380.5
502,20160201,ETH,169654756.91,2.21,3994097.5
503,20160201,LTC,136343305.35,3.08,1502434.13
504,20160201,DOGE,27810850.52,0.0002702,629833.88
505,20160201,DASH,25486534.82,4.12,61712.65
506,20160201,PPC,9572782.41,0.417,43320.4
507,20160201,MAID,8734883.98,0.0193,40138.43
508,20160201,XLM,8670001.13,0.001792,14159.0
509,20160201,BTS,8560037.83,0.00337,33608.46
510,20160201,NXT,8002617.44,0.008003,39672.38
511,20160201,FCT,7276862.08,0.8313,185127.09
512,20160201,EMC,6924676.07,0.1875,28689.24
513,20160201,BCN,6612662.89,3.699e-05,3916.84
514,20160201,YBC,5434034.06,1.81,15226.46
515,20160201,NMC,5428041.03,0.4015,5558.66
516,20160201,XMR,5421156.16,0.498,42353.98
517,20160201,VASH,4929403.4,0.01231,490864.22
518,20160201,XEM,4562727.76,0.000507,52135.02
519,20160201,NSR,2733848.06,0.003325,569.09
520,20160301,BTC,6643690381.0,435.12,74895840.0
521,20160301,ETH,592677834.28,7.65,23098114.0
522,20160301,XRP,272919685.8,0.008006,738772.38
523,20160301,LTC,153542162.9,3.43,1133576.38
524,20160301,MAID,36519082.52,0.0807,1256941.0
525,20160301,DOGE,25694837.56,0.0002487,104086.98
526,20160301,DASH,24414124.54,3.9,195997.95
527,20160301,PPC,10644750.98,0.4623,18805.09
528,20160301,BTS,10043381.04,0.003947,74522.99
529,20160301,XMR,9477381.96,0.848,204620.5
530,20160301,XLM,9235939.0,0.001909,15993.53
531,20160301,FCT,8481595.44,0.9689,109334.62
532,20160301,AGRS,7893592.72,0.1879,3291.54
533,20160301,EMC,7819185.14,0.2102,10685.77
534,20160301,NXT,6974588.85,0.006975,43458.06
535,20160301,YBC,5898141.09,1.96,183398.47
536,20160301,NMC,5795899.64,0.4216,10790.45
537,20160301,BCN,5783323.52,3.227e-05,4359.71
538,20160301,XEM,5648964.26,0.0006277,14849.86
539,20160301,VASH,4958055.82,0.01238,99798.84
540,20160401,BTC,6429586915.11,417.96,51235664.0
541,20160401,ETH,917589828.61,11.66,11373058.0
542,20160401,XRP,255468435.99,0.007418,827272.75
543,20160401,LTC,146360471.3,3.24,1316233.13
544,20160401,DASH,44792617.02,7.07,189158.69
545,20160401,MAID,36209506.07,0.08001,166051.72
546,20160401,DOGE,23256983.72,0.0002242,151121.91
547,20160401,XMR,16772141.07,1.46,353597.16
548,20160401,BTS,15025374.12,0.005891,219992.33
549,20160401,FCT,14446372.49,1.65,219772.7
550,20160401,XEM,13258298.51,0.001473,64360.91
551,20160401,EMC,11910843.77,0.3184,21772.22
552,20160401,XLM,11227722.36,0.002047,20021.52
553,20160401,PPC,10345001.15,0.4482,13168.87
554,20160401,BCN,8995086.28,5.007e-05,4402.74
555,20160401,NXT,7920893.19,0.007921,42333.87
556,20160401,TIPS,6709136.1,1.607e-05,9384.68
557,20160401,NMC,6209585.07,0.4444,12906.6
558,20160401,AMP,6179120.88,0.03344,1426.02
559,20160401,AGRS,5967942.42,0.1421,11594.61
560,20160501,BTC,7001713695.73,451.88,40660052.0
561,20160501,ETH,704335908.14,8.85,16713803.0
562,20160501,XRP,236803765.15,0.006791,241733.3
563,20160501,LTC,168960222.47,3.71,1911594.88
564,20160501,DASH,43576666.47,6.79,229207.17
565,20160501,MAID,26282043.52,0.05808,144804.55
566,20160501,DOGE,23547329.92,0.0002261,57744.23
567,20160501,XEM,14453072.8,0.001606,19104.33
568,20160501,XMR,10748812.43,0.9143,64193.18
569,20160501,FCT,10484937.89,1.2,300933.53
570,20160501,BTS,10367705.79,0.004058,108494.16
571,20160501,XLM,10326951.58,0.001883,6884.4
572,20160501,PPC,9929501.69,0.4293,24853.28
573,20160501,AMP,8431461.67,0.04562,19847.51
574,20160501,STEEM,7814072.1,0.466,6398.41
575,20160501,YBC,7690800.2,2.56,210184.86
576,20160501,EMC,7280419.57,0.1935,4829.91
577,20160501,TIPS,6947763.42,1.651e-05,3308.04
578,20160501,NXT,6944125.84,0.006944,19939.59
579,20160501,NMC,6051260.25,0.4262,38277.79
580,20160601,BTC,8381327602.54,536.92,86061848.0
581,20160601,ETH,1128621521.31,14.0,22471340.0
582,20160601,LTC,218259718.3,4.74,4577156.5
583,20160601,XRP,202565611.16,0.005809,1018471.0
584,20160601,DAO,153860080.26,0.1312,2440200.0
585,20160601,DASH,53582030.08,8.26,320823.09
586,20160601,LSK,33799096.94,0.338,2112405.0
587,20160601,MAID,26450204.22,0.05845,1200164.38
588,20160601,DOGE,24426561.71,0.0002336,113517.13
589,20160601,STEEM,18416492.93,0.4179,3057.45
590,20160601,XEM,18304136.11,0.002034,93394.47
591,20160601,DGD,17661212.92,8.83,36253.47
592,20160601,XMR,11009804.75,0.9149,105338.27
593,20160601,TIPS,10923497.03,2.574e-05,11226.46
594,20160601,BTS,8939635.38,0.003492,96411.35
595,20160601,XLM,8367289.7,0.001525,24847.69
596,20160601,PPC,8300694.64,0.3576,50750.85
597,20160601,FCT,7942895.37,0.9074,218989.81
598,20160601,YBC,7023784.15,2.33,529425.44
599,20160601,AMP,7013665.62,0.03795,8149.62
600,20160701,BTC,10632675312.22,676.3,134430896.0
601,20160701,ETH,995161129.81,12.2,17236534.0
602,20160701,XRP,239883556.6,0.006787,993537.94
603,20160701,LTC,197787370.58,4.26,6987180.0
604,20160701,DAO,110970540.29,0.09618,764179.13
605,20160701,XEM,94291406.67,0.01048,3648489.0
606,20160701,DASH,47500966.63,7.24,251574.55
607,20160701,MAID,33525678.51,0.07408,160876.03
608,20160701,LSK,32422006.13,0.3242,564870.19
609,20160701,DOGE,31711922.01,0.0003021,270360.41
610,20160701,DGD,20854114.53,10.43,30204.56
611,20160701,XMR,20397068.59,1.66,148727.53
612,20160701,NXT,20318643.34,0.02034,781036.5
613,20160701,AMP,15005581.68,0.0812,27331.87
614,20160701,WAVES,14488758.15,0.1449,233053.27
615,20160701,STEEM,14441263.19,0.2054,6191.22
616,20160701,FCT,12971879.2,1.48,728051.0
617,20160701,EMC,12965611.47,0.3409,371928.28
618,20160701,BTS,12355929.38,0.004818,337853.06
619,20160701,SC,12149840.7,0.0007715,810905.38
620,20160801,BTC,9572348148.37,606.27,121886744.0
621,20160801,ETH,903408809.43,10.94,23999472.0
622,20160801,STEEM,212299273.45,2.08,351989.97
623,20160801,XRP,209968210.85,0.005906,958955.94
624,20160801,ETC,192669528.17,2.34,45924232.0
625,20160801,LTC,181284625.72,3.86,1991694.75
626,20160801,DASH,65624295.24,9.9,1088713.75
627,20160801,XEM,56653660.72,0.006295,228839.84
628,20160801,MAID,34234197.01,0.07565,155626.92
629,20160801,NXT,26956592.29,0.02698,427574.72
630,20160801,LSK,23620665.07,0.2362,948289.19
631,20160801,DOGE,23509729.82,0.000223,130186.2
632,20160801,AMP,22486185.68,0.1217,55444.11
633,20160801,XMR,21289174.18,1.7,170107.59
634,20160801,DGD,20224647.52,10.11,52527.29
635,20160801,EMC,18502914.84,0.4841,164910.33
636,20160801,WAVES,15801788.87,0.158,79352.35
637,20160801,FCT,13941034.9,1.59,278415.66
638,20160801,BTS,11372898.0,0.004427,263186.28
639,20160801,XLM,10595923.99,0.001874,44883.35
640,20160901,BTC,9067862279.66,572.3,76923400.0
641,20160901,ETH,1002323310.59,11.99,24051470.0
642,20160901,XRP,211326136.48,0.005984,660020.81
643,20160901,LTC,181532587.91,3.83,2241892.0
644,20160901,ETC,120567661.1,1.44,13501774.0
645,20160901,STEEM,106574223.68,0.8141,189553.83
646,20160901,XMR,102420112.8,8.0,12152006.0
647,20160901,DASH,76780283.58,11.45,651970.0
648,20160901,XEM,50117322.7,0.005569,121378.84
649,20160901,MAID,44383040.4,0.09807,706655.63
650,20160901,FCT,29543257.76,3.38,1123747.0
651,20160901,LSK,24630141.26,0.2463,472886.69
652,20160901,DOGE,24550205.61,0.0002319,203953.28
653,20160901,NXT,23051416.32,0.02307,267054.28
654,20160901,DGD,21165231.7,10.58,36534.2
655,20160901,EMC,16323591.6,0.4251,28369.62
656,20160901,WAVES,16109451.65,0.1611,48629.91
657,20160901,BTS,15021130.43,0.005838,255726.72
658,20160901,BCY,12940935.71,0.3082,54319.1
659,20160901,XLM,10666134.23,0.001887,25271.89
660,20161001,BTC,9761881351.71,613.98,56357012.0
661,20161001,ETH,1113568228.72,13.17,6331160.0
662,20161001,XRP,291065047.55,0.008205,5895533.0
663,20161001,LTC,184010915.36,3.85,1426336.38
664,20161001,ETC,100775669.65,1.19,2443732.75
665,20161001,XMR,95841692.62,7.36,8319930.0
666,20161001,DASH,79352803.28,11.71,599642.44
667,20161001,STEEM,71273894.72,0.4456,84298.14
668,20161001,MAID,40277124.91,0.089,366913.28
669,20161001,XEM,39469682.14,0.004386,54594.27
670,20161001,DGD,27758123.4,13.88,72780.92
671,20161001,DOGE,24762108.28,0.000233,149333.34
672,20161001,LSK,23364187.78,0.2336,237068.44
673,20161001,FCT,20880770.13,2.39,3772978.0
674,20161001,WAVES,18592390.42,0.1859,68995.74
675,20161001,XLM,16834047.49,0.002763,187694.13
676,20161001,EMC,15266730.18,0.3951,34304.71
677,20161001,BTS,12538486.13,0.004871,90804.99
678,20161001,PPY,11588797.57,11.59,4246.43
679,20161001,NXT,11545073.2,0.01156,223355.45
680,20161101,BTC,11642858186.82,729.79,130527304.0
681,20161101,ETH,921060375.62,10.77,22901318.0
682,20161101,XRP,287884500.61,0.008102,1875437.88
683,20161101,LTC,197264168.23,4.09,4714887.5
684,20161101,ETC,75598177.37,0.8847,1320264.75
685,20161101,XMR,62445221.3,4.71,3841797.75
686,20161101,DASH,61884469.56,9.04,1334786.38
687,20161101,REP,44583482.27,4.05,957071.94
688,20161101,WAVES,34578210.12,0.3458,129182.73
689,20161101,XEM,34453926.14,0.003828,86034.02
690,20161101,MAID,33102510.23,0.07315,355137.0
691,20161101,STEEM,24408789.23,0.1224,44711.82
692,20161101,DOGE,23579460.51,0.000221,169851.27
693,20161101,DGD,21114585.88,10.56,47823.56
694,20161101,FCT,17566988.19,2.01,993906.75
695,20161101,LSK,16252931.95,0.1625,391748.06
696,20161101,PPY,13676545.14,13.68,4423.2
697,20161101,XLM,13541230.8,0.001976,39127.66
698,20161101,ICN,11890066.44,0.1367,160740.81
699,20161101,SDC,11075703.11,1.68,76251.17
700,20161201,BTC,12122435916.28,756.77,80461936.0
701,20161201,ETH,731254454.27,8.45,5882342.5
702,20161201,XRP,241195279.02,0.006702,1142001.63
703,20161201,LTC,190346702.39,3.91,1985603.38
704,20161201,XMR,115418016.21,8.58,5605071.5
705,20161201,ETC,66261072.89,0.7666,413682.97
706,20161201,DASH,60510695.75,8.74,672328.19
707,20161201,REP,39566335.2,3.6,148843.19
708,20161201,STEEM,33587151.57,0.1498,56775.36
709,20161201,XEM,32812655.2,0.003646,47370.14
710,20161201,MAID,31472794.94,0.06955,74809.13
711,20161201,WAVES,24587947.13,0.2459,38649.67
712,20161201,DOGE,22962318.93,0.0002144,121421.85
713,20161201,FCT,18331386.83,2.09,371364.5
714,20161201,DGD,17384731.29,8.69,5971.06
715,20161201,LSK,16152791.68,0.1615,97246.58
716,20161201,ICN,14833652.57,0.1705,40443.2
717,20161201,PPY,14293118.48,14.29,3449.26
718,20161201,NLG,13444705.55,0.03999,52046.39
719,20161201,KLC,11903960.13,0.002648,6271.45
720,20170101,BTC,16050414525.76,998.33,147775168.0
721,20170101,ETH,715049311.31,8.17,14731686.0
722,20170101,XRP,231408729.09,0.006368,418977.72
723,20170101,LTC,221718485.96,4.51,11337498.0
724,20170101,XMR,190983552.4,13.97,3923545.25
725,20170101,ETC,122202803.82,1.4,3570371.0
726,20170101,DASH,78524019.74,11.23,3684211.5
727,20170101,REP,43994859.7,4.0,230517.36
728,20170101,MAID,43862002.88,0.09692,457685.16
729,20170101,STEEM,36999609.61,0.1612,108192.22
730,20170101,XEM,30962257.88,0.00344,78879.66
731,20170101,ICN,26381301.91,0.3032,198817.55
732,20170101,FCT,25392986.26,2.9,1062017.63
733,20170101,DOGE,24501946.09,0.0002278,136828.55
734,20170101,WAVES,22132165.73,0.2213,35422.93
735,20170101,DGD,18079172.13,9.04,8349.12
736,20170101,XLM,17173253.18,0.002481,39325.36
737,20170101,ZEC,16958473.74,48.47,530960.56
738,20170101,LSK,15220159.16,0.1502,207507.28
739,20170101,GAME,13091197.05,0.2193,216609.53
740,20170201,BTC,15962016426.57,989.02,150110272.0
741,20170201,ETH,949491676.88,10.73,12852215.0
742,20170201,XRP,241024521.44,0.00654,1836824.0
743,20170201,LTC,202156160.68,4.08,7753927.5
744,20170201,XMR,183950875.12,13.27,2715172.25
745,20170201,ETC,119939485.14,1.36,738197.5
746,20170201,DASH,113285564.74,16.03,2139002.75
747,20170201,MAID,62133126.2,0.1373,1115884.25
748,20170201,XEM,49384258.22,0.005487,103152.16
749,20170201,REP,46361513.61,4.21,164977.91
750,20170201,STEEM,37849169.04,0.1633,126514.66
751,20170201,ICN,36797707.83,0.423,165650.53
752,20170201,FCT,30034859.18,3.43,321094.38
753,20170201,USDT,24951574.47,1.0,3435630.25
754,20170201,WAVES,23441059.89,0.2344,24364.65
755,20170201,ZEC,22797879.1,39.89,635381.81
756,20170201,DOGE,22608233.66,0.0002094,83191.54
757,20170201,GNT,21877876.56,0.02668,32047.76
758,20170201,DGD,20144321.44,10.07,6770.49
759,20170201,ARDR,18437446.2,0.01846,109245.15
760,20170301,BTC,19794457630.96,1222.5,229057008.0
761,20170301,ETH,1550250073.37,17.35,44927492.0
762,20170301,DASH,303396704.23,42.54,31700222.0
763,20170301,XRP,200868988.35,0.005408,1630458.25
764,20170301,LTC,189965666.44,3.8,4405000.5
765,20170301,XMR,173097909.95,12.33,6449832.5
766,20170301,ETC,125036646.66,1.4,4561934.0
767,20170301,MAID,75925789.62,0.1678,591722.19
768,20170301,XEM,70649879.98,0.00785,588948.81
769,20170301,REP,56161834.72,5.11,497785.47
770,20170301,ZEC,31975353.84,41.41,2376485.25
771,20170301,ICN,30261074.96,0.3478,224264.45
772,20170301,FCT,28021516.38,3.2,1716868.75
773,20170301,USDT,24950952.8,1.0,11999651.0
774,20170301,STEEM,23147602.73,0.09772,100250.08
775,20170301,DOGE,21972155.31,0.0002028,136869.86
776,20170301,DGD,19649057.39,9.82,30977.53
777,20170301,WAVES,19616737.96,0.1962,76347.33
778,20170301,GNT,18955509.48,0.02312,222809.83
779,20170301,ARDR,14390456.56,0.0144,106940.66
780,20170401,BTC,17557663174.24,1080.5,289634112.0
781,20170401,ETH,4579184584.03,50.7,92461896.0
782,20170401,XRP,818501579.4,0.02189,30657720.0
783,20170401,DASH,493920371.08,68.6,17542138.0
784,20170401,LTC,347247996.3,6.88,57711696.0
785,20170401,XMR,305662364.17,21.49,7622775.0
786,20170401,ETC,248781282.76,2.76,6321794.5
787,20170401,XEM,158691521.72,0.01763,2447889.5
788,20170401,REP,138690473.56,12.61,2141408.75
789,20170401,MAID,79500231.94,0.1757,595743.13
790,20170401,GNT,74195035.55,0.09048,1636681.88
791,20170401,ZEC,64221282.26,64.59,3451693.75
792,20170401,DCR,58612622.58,12.8,612191.19
793,20170401,USDT,54928110.57,0.9996,15118806.0
794,20170401,ICN,53555166.36,0.6156,360258.66
795,20170401,PIVX,47446847.24,0.9,818014.5
796,20170401,STEEM,40990747.3,0.1741,388242.97
797,20170401,DGD,38284683.23,19.14,156350.34
798,20170401,ROUND,38256033.7,0.04501,58811.91
799,20170401,DOGE,36461696.24,0.0003352,1030276.94
800,20170501,BTC,23179566319.22,1421.6,713623680.0
801,20170501,ETH,6960464822.48,76.3,376842144.0
802,20170501,XRP,2088016896.81,0.05511,61730092.0
803,20170501,LTC,810116628.14,15.92,66989424.0
804,20170501,DASH,640145947.34,88.12,22978876.0
805,20170501,ETC,628056328.24,6.89,118588856.0
806,20170501,XEM,468480259.13,0.05205,9305290.0
807,20170501,XMR,327622895.98,22.77,14213957.0
808,20170501,GNT,178266435.56,0.2174,13878944.0
809,20170501,REP,175700802.8,15.97,8058156.5
810,20170501,MAID,113175678.1,0.2501,2101077.0
811,20170501,ZEC,108911206.93,90.05,19211332.0
812,20170501,PIVX,86956953.38,1.63,1355679.13
813,20170501,GNO,82667494.7,74.84,13582441.0
814,20170501,DOGE,74926966.28,0.0006862,5565605.0
815,20170501,STRAT,73512016.93,0.7473,2046515.38
816,20170501,DCR,72707806.0,15.16,1895944.25
817,20170501,FCT,68434722.45,7.82,3675541.0
818,20170501,STEEM,62819586.58,0.2674,1001528.31
819,20170501,LSK,61886345.75,0.5815,3663344.5
820,20170601,BTC,39407683787.88,2407.88,1653184768.0
821,20170601,ETH,20474668196.44,222.24,812924160.0
822,20170601,XRP,12886394943.94,0.3337,588818752.0
823,20170601,XEM,2075357481.61,0.2306,16924702.0
824,20170601,ETC,1552075352.22,16.83,129554056.0
825,20170601,LTC,1479648443.7,28.8,420473408.0
826,20170601,DASH,997755034.49,136.08,46692452.0
827,20170601,XMR,636286803.45,43.7,12849843.0
828,20170601,STRAT,590052764.64,6.0,17263842.0
829,20170601,XLM,416253492.58,0.04307,46517704.0
830,20170601,GNT,379608808.22,0.4602,12048292.0
831,20170601,BCN,362896919.83,0.001983,1123375.38
832,20170601,ZEC,356881584.07,249.27,23902712.0
833,20170601,WAVES,344394016.27,3.44,3224129.5
834,20170601,DOGE,314238163.72,0.002867,23980746.0
835,20170601,GNO,276882719.12,250.67,2793305.5
836,20170601,REP,262478742.6,23.86,4479046.0
837,20170601,STEEM,234827549.04,1.0,2472988.25
838,20170601,SC,225006888.34,0.008492,20168712.0
839,20170601,BTS,200661079.27,0.07711,15459243.0
840,20170701,BTC,39979999035.38,2434.55,779914368.0
841,20170701,ETH,25524272278.76,274.6,1089203712.0
842,20170701,XRP,9754509022.15,0.2547,53611012.0
843,20170701,LTC,2019587525.73,38.99,225507040.0
844,20170701,ETC,1658928832.97,17.81,64563276.0
845,20170701,XEM,1311500698.18,0.1457,3496006.5
846,20170701,DASH,1225650752.12,165.71,42283060.0
847,20170701,MIOTA,1082988024.64,0.3896,2334636.25
848,20170701,XMR,602665246.81,40.96,10673537.0
849,20170701,BTS,591719208.78,0.2279,36725044.0
850,20170701,STRAT,546627248.24,5.55,4750537.0
851,20170701,BCN,465121098.24,0.002541,5016043.0
852,20170701,ZEC,450781757.56,290.37,25718164.0
853,20170701,NEO,397474408.15,7.95,33128366.0
854,20170701,STEEM,375507278.71,1.59,1223872.13
855,20170701,WAVES,369783949.85,3.7,2615171.5
856,20170701,GNT,368986170.5,0.4429,3266131.75
857,20170701,SC,351489097.41,0.01283,10025087.0
858,20170701,BCC,341049689.26,50.04,2650803.25
859,20170701,GNO,333638395.88,302.05,8108104.0
860,20170801,BTC,44804640262.61,2718.26,1324674176.0
861,20170801,ETH,21252962042.43,226.77,1585326336.0
862,20170801,XRP,6787003155.92,0.1771,119956904.0
863,20170801,BCH,6263355270.49,380.01,65988804.0
864,20170801,LTC,2249629488.03,43.04,203656192.0
865,20170801,XEM,1629484087.05,0.1811,3956943.25
866,20170801,DASH,1378639189.63,184.75,34656316.0
867,20170801,ETC,1371553910.55,14.57,86270544.0
868,20170801,MIOTA,806674429.24,0.2902,5169905.5
869,20170801,XMR,656506518.23,44.15,17363278.0
870,20170801,STRAT,583193499.25,5.92,12038283.0
871,20170801,EOS,455131021.17,1.78,39175452.0
872,20170801,NEO,393014764.79,7.86,18527854.0
873,20170801,VERI,387602648.94,193.19,1128217.0
874,20170801,QTUM,383092037.68,6.49,20864326.0
875,20170801,ZEC,359506059.52,192.35,36659920.0
876,20170801,BTS,338558379.82,0.1303,41287860.0
877,20170801,BCC,332683451.76,52.44,261125.89
878,20170801,USDT,318484771.45,0.9968,170045392.0
879,20170801,ICN,309085932.29,3.56,4642036.0
880,20170901,BTC,80905019755.27,4892.01,2599081216.0
881,20170901,ETH,36593378826.16,387.74,874222016.0
882,20170901,BCH,10300392100.41,622.17,393838752.0
883,20170901,XRP,9527643819.44,0.2485,283576192.0
884,20170901,LTC,4537751797.9,86.04,1551739392.0
885,20170901,XEM,2990789919.76,0.3323,12082656.0
886,20170901,DASH,2961049097.38,393.35,55440684.0
887,20170901,MIOTA,2245243083.91,0.8078,28046970.0
888,20170901,XMR,2121127416.37,141.2,163961456.0
889,20170901,ETC,2086332979.19,21.94,821440192.0
890,20170901,NEO,1600421905.52,32.01,75418896.0
891,20170901,OMG,1177137637.75,11.97,91962368.0
892,20170901,HC,1120275146.48,33.34,56578568.0
893,20170901,QTUM,1077150506.97,18.26,73618544.0
894,20170901,BCC,925969439.61,140.97,7854701.0
895,20170901,LSK,827794958.43,7.41,60253648.0
896,20170901,STRAT,714276196.82,7.25,22610768.0
897,20170901,ZEC,638112824.74,305.1,45352836.0
898,20170901,WAVES,573830509.19,5.74,9556077.0
899,20170901,BCN,445595263.71,0.002432,5040651.0
900,20171001,BTC,73094850250.11,4403.74,1208205056.0
901,20171001,ETH,28694713713.82,302.34,306184928.0
902,20171001,XRP,7919237265.53,0.2065,51345452.0
903,20171001,BCH,6909645336.97,415.15,164290480.0
904,20171001,LTC,2901079182.35,54.54,100182528.0
905,20171001,DASH,2397361020.98,315.8,25835818.0
906,20171001,XEM,2215621590.37,0.2462,4232169.5
907,20171001,NEO,1786008071.9,35.72,72169544.0
908,20171001,MIOTA,1696021631.22,0.6102,8576215.0
909,20171001,XMR,1413301278.07,93.22,25936522.0
910,20171001,ETC,1223819213.17,12.74,44133204.0
911,20171001,OMG,965211778.35,9.82,21494482.0
912,20171001,BCC,954547761.99,139.33,5808052.5
913,20171001,QTUM,728028499.6,12.34,162762432.0
914,20171001,LSK,622907423.68,5.51,11902954.0
915,20171001,ZEC,608739278.25,263.94,33546070.0
916,20171001,WAVES,497467613.22,4.97,8233019.0
917,20171001,USDT,437028174.87,0.9999,103007224.0
918,20171001,STRAT,407396123.84,4.13,7993494.5
919,20171001,STEEM,340369407.06,1.41,3063031.25
920,20171101,BTC,112735427353.68,6767.31,2870317312.0
921,20171101,ETH,27846805304.42,291.69,553863616.0
922,20171101,BCH,8909555497.5,531.83,1152232320.0
923,20171101,XRP,7479900414.74,0.1941,67921016.0
924,20171101,LTC,2852616636.33,53.18,112759368.0
925,20171101,DASH,2079386546.51,271.56,50960332.0
926,20171101,BCC,1843669888.26,250.93,24030926.0
927,20171101,NEO,1746084518.43,26.86,49782840.0
928,20171101,XEM,1499802768.06,0.1666,6190337.0
929,20171101,XMR,1311246513.18,85.72,36899308.0
930,20171101,MIOTA,1011525426.87,0.3639,11944636.0
931,20171101,ETC,995947074.75,10.26,30011758.0
932,20171101,QTUM,730793231.93,9.93,26591678.0
933,20171101,ADA,595965980.23,0.02299,9382777.0
934,20171101,OMG,595067536.79,6.05,37953724.0
935,20171101,ZEC,562304183.91,222.41,47917148.0
936,20171101,LSK,515592503.34,4.51,10933981.0
937,20171101,EOS,461972409.8,1.05,74917376.0
938,20171101,XLM,453736642.85,0.02735,14361658.0
939,20171101,USDT,452764392.23,1.0,246323872.0
940,20171201,BTC,183444298151.47,10975.58,6783118336.0
941,20171201,ETH,44823434733.77,466.54,1247884032.0
942,20171201,BCH,24620998962.87,1462.68,965151360.0
943,20171201,XRP,9875823922.11,0.2557,182991840.0
944,20171201,DASH,6158825887.24,797.53,286043648.0
945,20171201,LTC,5354698026.25,99.0,561342528.0
946,20171201,BTG,5199081292.89,311.64,134598416.0
947,20171201,MIOTA,4018537379.2,1.45,141192320.0
948,20171201,ADA,3405573919.91,0.1314,73657552.0
949,20171201,ETC,3057589466.9,31.2,853735104.0
950,20171201,XMR,2945134481.04,190.94,70430456.0
951,20171201,NEO,2329477767.94,35.84,89359680.0
952,20171201,XEM,2156143471.36,0.2396,12371164.0
953,20171201,EOS,1659492939.95,3.24,74402008.0
954,20171201,XLM,1596583226.76,0.08988,102073504.0
955,20171201,BCC,1028142849.6,322.74,23616168.0
956,20171201,QTUM,969571532.19,13.16,77540704.0
957,20171201,ZEC,921575345.09,335.98,78854152.0
958,20171201,OMG,907892953.87,8.9,45778620.0
959,20171201,LSK,892485850.49,7.73,24098342.0
960,20180101,BTC,229119666553.46,13657.23,10291150848.0
961,20180101,XRP,92626460337.91,2.39,1894233216.0
962,20180101,ETH,74724214898.83,772.64,2595758336.0
963,20180101,BCH,41081666419.53,2432.54,922812992.0
964,20180101,ADA,18891950896.38,0.7287,150186304.0
965,20180101,LTC,12499195561.39,229.03,633142336.0
966,20180101,MIOTA,11046973892.62,3.97,256629904.0
967,20180101,XEM,9372294901.76,1.04,58202844.0
968,20180101,XLM,8572449084.13,0.48,669372416.0
969,20180101,DASH,8209358650.32,1053.98,138566512.0
970,20180101,XMR,5581126950.99,358.99,110244240.0
971,20180101,NEO,5123540000.92,78.82,142093840.0
972,20180101,EOS,5104025457.63,8.84,331073312.0
973,20180101,BTG,4568448905.39,272.91,143835536.0
974,20180101,QTUM,4491874289.89,60.88,708817600.0
975,20180101,NANO,3940012342.72,29.57,55211652.0
976,20180101,TRX,3398826872.33,0.05169,516798016.0
977,20180101,ETC,3376083887.63,34.17,870413056.0
978,20180101,LSK,2462683233.75,21.13,46809504.0
979,20180101,BCC,2387362680.88,385.5,27366026.0
980,20180201,BTC,154428631131.61,9170.54,9959404544.0
981,20180201,ETH,100935037771.63,1036.79,5261684224.0
982,20180201,XRP,37547548155.16,0.9625,1410424576.0
983,20180201,BCH,21593184264.79,1274.35,678019904.0
984,20180201,ADA,10932712385.77,0.4217,595624128.0
985,20180201,XLM,8413032534.07,0.4565,172407424.0
986,20180201,NEO,8190201339.72,126.0,356494656.0
987,20180201,LTC,7830151083.16,142.3,539879808.0
988,20180201,EOS,6550932182.55,10.21,919859008.0
989,20180201,XEM,5564381002.76,0.6183,46639304.0
990,20180201,MIOTA,5300125065.36,1.91,108875560.0
991,20180201,DASH,4846122586.34,617.04,109255512.0
992,20180201,XMR,3776619857.8,240.96,73082656.0
993,20180201,TRX,3039368678.97,0.04623,288656448.0
994,20180201,QTUM,2635312181.32,35.68,371497888.0
995,20180201,LSK,2627942420.29,22.34,87605512.0
996,20180201,ETC,2485810788.23,24.97,251253680.0
997,20180201,VEN,2466687312.55,5.27,103600600.0
998,20180201,PPT,2326763280.3,62.88,8382485.5
999,20180201,ICX,2322882700.0,6.09,128135560.0
1000,20180301,BTC,185009522097.9,10950.99,7317279232.0
1001,20180301,ETH,85410810312.08,872.2,1868524416.0
1002,20180301,XRP,36293555981.15,0.9283,475256704.0
1003,20180301,BCH,21955845434.55,1291.92,482239744.0
1004,20180301,LTC,11628122887.79,209.75,678542400.0
1005,20180301,NEO,8388491210.94,129.05,282388448.0
1006,20180301,ADA,7892124470.56,0.3044,184691360.0
1007,20180301,XLM,6266483745.7,0.3393,46631804.0
1008,20180301,EOS,6050852887.94,8.63,214126064.0
1009,20180301,MIOTA,5474640938.04,1.97,41523620.0
1010,20180301,XMR,4954707548.84,314.04,62044320.0
1011,20180301,DASH,4887218709.99,617.53,104166688.0
1012,20180301,XEM,3746207803.07,0.4162,19528952.0
1013,20180301,ETC,3383349543.34,33.76,514648032.0
1014,20180301,TRX,3211590269.93,0.04885,318231072.0
1015,20180301,VEN,2349080830.37,4.95,79097240.0
1016,20180301,NANO,2277642544.01,17.09,163130368.0
1017,20180301,USDT,2218071427.13,1.0,2285568768.0
1018,20180301,LSK,2060209567.92,20.12,68475904.0
1019,20180301,QTUM,1982212095.11,26.82,95387656.0
1020,20180401,BTC,116026767355.96,6844.23,4532098560.0
1021,20180401,ETH,37413358766.58,379.61,1256925952.0
1022,20180401,XRP,18964013318.93,0.4851,297868736.0
1023,20180401,BCH,10963857058.65,643.03,318439936.0
1024,20180401,LTC,6440317479.29,115.22,274181664.0
1025,20180401,EOS,4335133899.13,5.66,401302752.0
1026,20180401,ADA,3908969399.94,0.1508,100833168.0
1027,20180401,XLM,3832217994.86,0.2066,43075508.0
1028,20180401,NEO,3074775180.82,47.3,73349040.0
1029,20180401,XMR,2788623376.39,175.51,31024204.0
1030,20180401,MIOTA,2765070019.62,0.9948,35953240.0
1031,20180401,DASH,2326517507.38,291.53,84000056.0
1032,20180401,USDT,2286705393.97,0.9998,1832530176.0
1033,20180401,TRX,2113910955.06,0.03215,219372848.0
1034,20180401,XEM,1879113659.05,0.2088,15920645.0
1035,20180401,ETC,1369824365.14,13.58,122407320.0
1036,20180401,BNB,1286571421.31,11.07,87918120.0
1037,20180401,QTUM,1191228345.27,13.46,91857840.0
1038,20180401,VEN,1168107250.81,2.23,42424132.0
1039,20180401,OMG,825762098.08,8.09,24526380.0
1040,20180501,BTC,155114211194.56,9119.01,7713018880.0
1041,20180501,ETH,66803261876.35,673.61,2678964480.0
1042,20180501,XRP,32944331385.67,0.8414,630809088.0
1043,20180501,BCH,23113227363.57,1351.28,774633024.0
1044,20180501,EOS,15711479925.28,18.95,3330130432.0
1045,20180501,ADA,9299854943.8,0.3587,365521536.0
1046,20180501,LTC,8365936640.26,148.49,342151616.0
1047,20180501,XLM,8166624394.63,0.4397,152906176.0
1048,20180501,TRX,6138267664.24,0.09336,1043370880.0
1049,20180501,MIOTA,5516253998.18,1.98,66547124.0
1050,20180501,NEO,5501642608.64,84.64,180818864.0
1051,20180501,DASH,3850986885.26,478.9,101298592.0
1052,20180501,XMR,3841340581.98,240.26,71420816.0
1053,20180501,XEM,3643674462.63,0.4049,26075548.0
1054,20180501,VEN,2428245383.51,4.62,93554848.0
1055,20180501,USDT,2425584057.04,1.0,3901106176.0
1056,20180501,ETC,2190158642.83,21.58,210025360.0
1057,20180501,QTUM,1959329366.11,22.12,229134912.0
1058,20180501,OMG,1733947387.29,16.99,58684444.0
1059,20180501,ICX,1707614482.63,4.41,66976208.0
1060,20180601,BTC,128725858026.21,7541.45,4921455616.0
1061,20180601,ETH,57894365739.77,580.04,1945894656.0
1062,20180601,XRP,24461744052.67,0.6234,263087760.0
1063,20180601,BCH,17210429777.75,1002.92,538528128.0
1064,20180601,EOS,11003298493.16,12.31,1058146176.0
1065,20180601,LTC,6810354562.84,119.91,290885664.0
1066,20180601,ADA,5768958933.19,0.2225,130538088.0
1067,20180601,XLM,5388402084.68,0.29,62207272.0
1068,20180601,MIOTA,5354959155.48,1.93,145124384.0
1069,20180601,TRX,3859879701.58,0.05871,268286896.0
1070,20180601,NEO,3604022178.65,55.45,102576696.0
1071,20180601,DASH,2555569099.13,315.35,82723832.0
1072,20180601,XMR,2534807989.73,157.54,29047306.0
1073,20180601,USDT,2509612505.43,1.0,2486080256.0
1074,20180601,XEM,2291584968.31,0.2546,17893962.0
1075,20180601,VEN,1814449543.84,3.45,65178200.0
1076,20180601,BNB,1624036474.27,14.24,80342240.0
1077,20180601,ETC,1582441954.49,15.52,137170096.0
1078,20180601,QTUM,1282421887.02,14.47,152019600.0
1079,20180601,BCN,1187943352.65,0.00646,22617862.0
1080,20180701,BTC,109366021621.84,6385.82,4788259840.0
1081,20180701,ETH,45585861644.53,453.92,1511730048.0
1082,20180701,XRP,18113883122.32,0.4614,267224992.0
1083,20180701,BCH,12728748267.05,739.42,558793984.0
1084,20180701,EOS,7286573183.75,8.13,621643008.0
1085,20180701,LTC,4591722923.09,80.24,343401984.0
1086,20180701,XLM,3725316564.22,0.1986,41380400.0
1087,20180701,ADA,3687036718.91,0.1422,108733000.0
1088,20180701,MIOTA,2973402385.05,1.07,56746600.0
1089,20180701,USDT,2703948681.64,0.9988,3653040128.0
1090,20180701,TRX,2490873761.44,0.03789,112292000.0
1091,20180701,XMR,2100427219.22,129.77,32338800.0
1092,20180701,NEO,2036612529.75,31.33,72319000.0
1093,20180701,DASH,1924453982.68,235.7,206254000.0
1094,20180701,BNB,1642662194.55,14.4,38434400.0
1095,20180701,ETC,1640110046.87,15.97,244395008.0
1096,20180701,XEM,1542294055.05,0.1714,24145400.0
1097,20180701,VEN,1439236862.68,2.61,53995900.0
1098,20180701,OMG,828091633.18,8.12,47072300.0
1099,20180701,ONT,772399507.74,5.11,66086700.0
1100,20180801,BTC,131030119111.07,7624.91,4797622784.0
1101,20180801,ETH,42521931986.77,420.75,1888055296.0
1102,20180801,XRP,17528975387.3,0.4459,323200320.0
1103,20180801,BCH,13286526793.33,769.35,499193120.0
1104,20180801,EOS,6575105306.13,7.26,699076736.0
1105,20180801,XLM,5185618774.63,0.2763,78075440.0
1106,20180801,LTC,4489426223.3,77.86,301530048.0
1107,20180801,ADA,3653142034.71,0.1409,79987904.0
1108,20180801,MIOTA,2567471933.71,0.9237,32731316.0
1109,20180801,USDT,2395724255.02,0.9994,3059191040.0
1110,20180801,TRX,2146236038.06,0.03264,140269888.0
1111,20180801,XMR,2084644997.05,128.15,31815242.0
1112,20180801,NEO,1942634611.13,29.89,59706384.0
1113,20180801,DASH,1801737580.75,218.98,94695000.0
1114,20180801,ETC,1601201393.55,15.47,167915616.0
1115,20180801,XEM,1437720760.54,0.1597,9670310.0
1116,20180801,BNB,1296473450.85,13.57,53833692.0
1117,20180801,XTZ,1102691929.52,1.82,2961420.5
1118,20180801,VEN,1102633988.38,1.99,2968411.25
1119,20180801,ZEC,889245764.75,198.33,151023520.0
1120,20180901,BTC,124044600177.12,7193.25,4116051456.0
1121,20180901,ETH,30035361896.84,295.34,1546626560.0
1122,20180901,XRP,13787210214.26,0.3477,257267312.0
1123,20180901,BCH,10660637868.95,615.31,490618944.0
1124,20180901,EOS,6021068842.51,6.64,746530368.0
1125,20180901,XLM,4312652007.43,0.2297,57559216.0
1126,20180901,LTC,3832231285.39,65.95,306585984.0
1127,20180901,ADA,2769714790.38,0.1068,70208912.0
1128,20180901,USDT,2733402439.87,0.9968,2910384640.0
1129,20180901,MIOTA,2055378941.02,0.7395,51918136.0
1130,20180901,XMR,1980330718.54,120.97,52809956.0
1131,20180901,DASH,1830096211.32,220.74,234140192.0
1132,20180901,TRX,1748221892.02,0.02659,109153232.0
1133,20180901,NEO,1462786264.42,22.5,87431536.0
1134,20180901,ETC,1378166505.68,13.22,182146368.0
1135,20180901,BNB,1086872405.94,11.38,29776334.0
1136,20180901,VET,1007964090.31,0.01818,28300516.0
1137,20180901,XEM,998528413.36,0.1109,17337962.0
1138,20180901,XTZ,854709890.63,1.41,1904882.88
1139,20180901,ZEC,743768946.26,158.06,144187024.0
1140,20181001,BTC,113999932613.0,6589.63,4000967168.0
1141,20181001,ETH,23609705150.83,230.77,1597501568.0
1142,20181001,XRP,23021207351.79,0.5765,1412801408.0
1143,20181001,BCH,9226901765.5,530.91,450906368.0
1144,20181001,EOS,5198761781.92,5.74,695607936.0
1145,20181001,XLM,4855404042.8,0.2584,67813856.0
1146,20181001,LTC,3524603949.27,60.21,456582880.0
1147,20181001,USDT,2800599535.15,0.9979,3069482240.0
1148,20181001,ADA,2190041203.5,0.08447,42076408.0
1149,20181001,XMR,1884305011.47,114.52,20659414.0
1150,20181001,MIOTA,1561213911.5,0.5617,21601118.0
1151,20181001,DASH,1561107648.71,186.92,368119200.0
1152,20181001,TRX,1449863843.77,0.02205,110444376.0
1153,20181001,NEO,1213486280.44,18.67,162320960.0
1154,20181001,ETC,1176727836.12,11.21,178802976.0
1155,20181001,BNB,1167816004.86,9.94,25138468.0
1156,20181001,XEM,932415179.8,0.1036,16363327.0
1157,20181001,XTZ,819858783.22,1.35,2089707.25
1158,20181001,VET,710040084.06,0.0128,12615593.0
1159,20181001,DOGE,691491410.94,0.005942,20096388.0
1160,20181101,BTC,110683843781.11,6377.78,3789395716.71
1161,20181101,ETH,20472135054.36,198.87,1336695383.19
1162,20181101,XRP,18322544018.86,0.4557,346500669.52
1163,20181101,BCH,7393936330.78,424.09,228639895.37
1164,20181101,EOS,4782242908.87,5.28,560422937.56
1165,20181101,XLM,4216669654.63,0.2229,38696267.75
1166,20181101,LTC,2965096215.01,50.27,321492471.28
1167,20181101,ADA,1837385346.65,0.07087,11256611.48
1168,20181101,USDT,1761713543.38,0.9917,2043662840.73
1169,20181101,XMR,1717818510.13,103.88,10160335.77
1170,20181101,TRX,1484257947.71,0.02257,59713994.4
1171,20181101,MIOTA,1314472634.85,0.4729,6818787.74
1172,20181101,DASH,1292738161.35,153.52,179047569.44
1173,20181101,BNB,1249031255.15,9.55,19690102.6
1174,20181101,NEO,1019509057.02,15.68,131218383.75
1175,20181101,ETC,956398294.05,9.05,115387363.0
1176,20181101,XEM,820688260.83,0.09119,5694118.24
1177,20181101,XTZ,793243930.87,1.31,2314640.68
1178,20181101,ZEC,601939033.44,117.07,106366798.55
1179,20181101,VET,580635036.47,0.01047,13223845.89
1180,20181201,BTC,73346194969.09,4214.67,5375314093.1
1181,20181201,XRP,15038289184.05,0.3729,397266565.68
1182,20181201,ETH,12284117522.01,118.64,2131475767.65
1183,20181201,XLM,3185998397.39,0.1663,83084024.7
1184,20181201,BCH,3010070869.45,172.12,68660039.48
1185,20181201,EOS,2679991965.07,2.96,814784417.5
1186,20181201,LTC,2039473601.46,34.34,428286156.55
1187,20181201,USDT,1858375216.23,1.0,3306556081.12
1188,20181201,BSV,1634820282.36,93.54,75286998.53
1189,20181201,ADA,1075155851.86,0.04147,19314340.18
1190,20181201,TRX,1004282932.98,0.01518,87112117.68
1191,20181201,XMR,990924480.7,59.65,10636037.47
1192,20181201,MIOTA,837114590.91,0.3012,6929627.16
1193,20181201,DASH,808121723.48,95.35,183221198.95
1194,20181201,XEM,702613316.11,0.07807,9893071.44
1195,20181201,BNB,691761388.86,5.29,12291155.18
1196,20181201,NEO,532049324.86,8.19,151081039.86
1197,20181201,ETC,516594797.33,4.85,182630933.57
1198,20181201,ZEC,430406463.43,80.33,207842018.36
1199,20181201,BTG,325829633.05,18.75,4850907.62
1200,20190101,BTC,67098634180.61,3843.52,4324200990.19
1201,20190101,XRP,14880496657.82,0.3648,449347621.93
1202,20190101,ETH,14665318369.58,140.82,2258709868.32
1203,20190101,BCH,2892087607.88,164.85,267838685.75
1204,20190101,EOS,2413813876.21,2.66,675099228.53
1205,20190101,XLM,2221377985.38,0.1159,91630088.22
1206,20190101,LTC,1913387273.89,31.98,379429124.11
1207,20190101,USDT,1892772546.78,1.02,3139234962.54
1208,20190101,BSV,1616381094.86,92.14,108083720.84
1209,20190101,TRX,1303479300.08,0.01956,72033015.89
1210,20190101,ADA,1103113660.39,0.04255,14962901.83
1211,20190101,MIOTA,1026158620.95,0.3692,7921094.86
1212,20190101,XMR,807214006.71,48.37,10174528.27
1213,20190101,BNB,794641453.82,6.08,23891161.94
1214,20190101,DASH,692537856.94,81.05,88078737.56
1215,20190101,XEM,595065819.42,0.06612,9577378.58
1216,20190101,ETC,560395113.51,5.23,101629380.37
1217,20190101,NEO,511301110.82,7.87,100037384.62
1218,20190101,MKR,336000438.21,461.39,258609.04
1219,20190101,ZEC,333412877.94,59.75,117318414.9
1220,20190201,BTC,61088747491.29,3487.95,5422926707.35
1221,20190201,XRP,12699646520.02,0.3085,564486615.36
1222,20190201,ETH,11263815609.94,107.61,2541271518.87
1223,20190201,EOS,2120782710.68,2.34,648027078.87
1224,20190201,BCH,2051265821.58,116.56,246917441.28
1225,20190201,USDT,2033605783.3,1.01,3949396927.2
1226,20190201,LTC,1978856938.99,32.83,825977655.56
1227,20190201,TRX,1751407526.17,0.02627,266911186.05
1228,20190201,XLM,1602022105.56,0.08358,143454404.65
1229,20190201,BSV,1132412158.75,64.35,66405204.97
1230,20190201,ADA,1002816587.79,0.03868,18778624.38
1231,20190201,BNB,847729319.43,6.56,56050946.76
1232,20190201,XMR,732932070.76,43.72,36949055.59
1233,20190201,MIOTA,720086989.68,0.2591,8301912.98
1234,20190201,DASH,580896463.23,67.49,179787292.16
1235,20190201,NEO,457113160.06,7.03,110514792.07
1236,20190201,ETC,426539328.95,3.95,164662001.72
1237,20190201,XEM,368880644.42,0.04099,17758629.32
1238,20190201,USDC,303077424.57,1.02,26896946.93
1239,20190201,ZEC,282886027.54,48.75,159341774.75
1240,20190301,BTC,67796965743.35,3859.58,7661247975.11
1241,20190301,ETH,14335957424.63,136.44,3756124823.75
1242,20190301,XRP,13146898194.02,0.3173,752723591.36
1243,20190301,EOS,3186278436.37,3.52,1318189790.11
1244,20190301,LTC,2882042602.6,47.49,1175425172.06
1245,20190301,BCH,2346655914.99,132.96,240782300.31
1246,20190301,USDT,2035341543.18,1.01,6628411253.12
1247,20190301,XLM,1649050086.99,0.08583,115886661.06
1248,20190301,BNB,1608442973.16,11.39,117838676.98
1249,20190301,TRX,1582095414.82,0.02373,128326436.82
1250,20190301,BSV,1182343363.51,67.0,79611502.54
1251,20190301,ADA,1122108425.89,0.04328,12997143.77
1252,20190301,XMR,833981002.95,49.56,67173811.92
1253,20190301,MIOTA,828584384.27,0.2981,9407358.46
1254,20190301,DASH,722159553.42,83.4,214590927.05
1255,20190301,MKR,667265225.58,667.27,1240838.1
1256,20190301,NEO,586247389.31,9.02,260838267.44
1257,20190301,ETC,465663257.53,4.29,165314927.09
1258,20190301,XEM,387981308.26,0.04311,14676124.02
1259,20190301,ZEC,313866581.4,52.29,153637297.52
1260,20190401,BTC,73269368747.44,4158.18,10157794170.6
1261,20190401,ETH,14960828860.91,141.83,4611999536.45
1262,20190401,XRP,13043585710.87,0.3127,836123225.03
1263,20190401,EOS,3807590153.08,4.2,1815234453.05
1264,20190401,LTC,3710564698.28,60.68,1712538381.53
1265,20190401,BCH,2967829680.54,167.63,465814641.28
1266,20190401,BNB,2534170929.26,17.95,202977285.53
1267,20190401,XLM,2109892793.37,0.1096,301225293.29
1268,20190401,USDT,2044790316.79,1.0,9569263475.47
1269,20190401,ADA,1875296477.01,0.07233,81836246.72
1270,20190401,TRX,1623063139.53,0.02434,331600219.91
1271,20190401,BSV,1167678134.22,66.08,87877273.43
1272,20190401,XMR,1013053254.47,59.97,118227704.16
1273,20190401,DASH,986356519.61,113.09,325590768.49
1274,20190401,MIOTA,897048915.65,0.3227,19088504.32
1275,20190401,MKR,709788273.54,709.79,1417341.33
1276,20190401,ONT,654537429.71,1.32,74712016.48
1277,20190401,XTZ,650994455.13,0.9826,6807341.63
1278,20190401,NEO,650294919.42,10.0,329156999.12
1279,20190401,ETC,527699754.97,4.82,203584705.83
1280,20190501,BTC,95501110090.8,5402.7,13679528236.45
1281,20190501,ETH,17029616915.18,160.82,5789172432.9
1282,20190501,XRP,12798744396.71,0.3047,914654614.2
1283,20190501,BCH,4827202612.26,271.82,1693067789.84
1284,20190501,LTC,4536348667.29,73.66,2871792311.36
1285,20190501,EOS,4514297383.14,4.78,1713346159.89
1286,20190501,BNB,3099313163.99,21.95,180070220.89
1287,20190501,USDT,2800146868.77,1.0,11389167590.14
1288,20190501,XLM,1936091093.67,0.1014,193384687.74
1289,20190501,ADA,1789340577.57,0.06901,58865338.18
1290,20190501,TRX,1585466194.9,0.02378,649588397.89
1291,20190501,XMR,1101352848.61,64.96,38993596.39
1292,20190501,DASH,1028971492.34,117.19,276115350.92
1293,20190501,BSV,950557693.63,53.53,106057393.86
1294,20190501,ATOM,837145852.02,4.39,90528587.53
1295,20190501,MIOTA,834171033.7,0.3001,21792423.52
1296,20190501,XTZ,792092025.19,1.2,4100477.26
1297,20190501,ETC,643088779.29,5.84,437370461.29
1298,20190501,NEO,632943150.53,9.74,270596130.14
1299,20190501,ONT,552492765.92,1.12,54705479.87
1300,20190601,BTC,151890214309.93,8564.02,22488303543.95
1301,20190601,ETH,28215330783.76,265.39,9942869851.9
1302,20190601,XRP,18162849086.34,0.4306,1740720642.4
1303,20190601,BCH,7739847598.11,434.46,1774830913.72
1304,20190601,EOS,7136604384.32,7.78,5184333210.32
1305,20190601,LTC,6986544718.35,112.62,3807158511.11
1306,20190601,BNB,4660718180.96,33.01,572703757.07
1307,20190601,BSV,3367270620.82,189.04,443075482.97
1308,20190601,USDT,3144304602.81,1.0,22485000931.92
1309,20190601,XLM,2572481833.5,0.1331,463748029.89
1310,20190601,TRX,2494464841.4,0.03741,1599163697.19
1311,20190601,ADA,2347250770.55,0.09053,151835927.51
1312,20190601,XMR,1582034054.89,92.97,101580438.7
1313,20190601,DASH,1445456689.29,163.45,460782905.35
1314,20190601,MIOTA,1343207867.28,0.4832,46733027.24
1315,20190601,ATOM,1102188614.15,5.78,125167746.71
1316,20190601,XTZ,975104107.94,1.47,5251971.21
1317,20190601,ETC,950786053.01,8.57,859858804.82
1318,20190601,NEO,889836387.54,13.69,653423818.39
1319,20190601,XEM,840508739.15,0.09339,32482678.52
1320,20190701,BTC,188297637573.83,10583.13,29378589324.45
1321,20190701,ETH,31338571563.33,293.64,10292223947.84
1322,20190701,XRP,17318727257.43,0.4069,1783852225.56
1323,20190701,LTC,7658690466.46,122.58,5034162435.63
1324,20190701,BCH,7444877513.76,416.65,2170629295.95
1325,20190701,EOS,5545433245.49,6.02,3020205062.0
1326,20190701,BNB,4647821413.63,32.92,290190904.2
1327,20190701,USDT,3586361277.11,0.9961,28817659769.75
1328,20190701,BSV,3526901661.84,197.53,472842297.34
1329,20190701,TRX,2173939871.44,0.0326,912290261.78
1330,20190701,ADA,2173260576.26,0.08382,168654990.56
1331,20190701,XLM,2044624168.14,0.1053,435487153.89
1332,20190701,LEO,1740465447.03,1.74,12775151.51
1333,20190701,XMR,1509447307.75,88.42,132758316.34
1334,20190701,DASH,1371526151.5,154.2,249970037.94
1335,20190701,LINK,1257190705.98,3.59,377055673.18
1336,20190701,NEO,1190105626.15,16.87,678020977.55
1337,20190701,MIOTA,1127199258.93,0.4055,20419884.72
1338,20190701,ATOM,1041667538.38,5.46,90786814.05
1339,20190701,ETC,866687454.82,7.76,874437054.1
1340,20190801,BTC,185653203391.49,10399.67,17165337857.81
1341,20190801,ETH,23337361748.87,217.81,5965442642.12
1342,20190801,XRP,13629460729.74,0.3179,882867287.99
1343,20190801,LTC,6240801534.73,99.18,2953184688.51
1344,20190801,BCH,5892751618.37,328.76,1485593980.4
1345,20190801,BNB,4475300389.21,28.77,287326494.17
1346,20190801,USDT,4050895289.4,1.01,17335442456.8
1347,20190801,EOS,4007034927.42,4.33,1324604253.24
1348,20190801,BSV,2620088256.63,146.74,294749555.25
1349,20190801,XLM,1628780237.13,0.08303,89880667.58
1350,20190801,ADA,1526381233.11,0.05887,44730276.68
1351,20190801,TRX,1483891309.66,0.02225,431296973.76
1352,20190801,XMR,1404198476.24,81.97,90181330.66
1353,20190801,LEO,1309688862.07,1.31,9301899.37
1354,20190801,DASH,965605793.16,107.79,163095470.4
1355,20190801,XTZ,927016195.6,1.4,12828552.04
1356,20190801,NEO,837781927.15,11.88,266163364.34
1357,20190801,MIOTA,803005014.37,0.2889,11870776.81
1358,20190801,LINK,763440116.89,2.18,46293195.32
1359,20190801,ATOM,678390927.32,3.56,68444005.44
1360,20190901,BTC,174768292883.37,9757.97,11445355859.37
1361,20190901,ETH,18461846967.6,171.63,5554799575.86
1362,20190901,XRP,11092364971.53,0.2581,825579908.16
1363,20190901,BCH,5076312771.38,282.33,1053837321.05
1364,20190901,LTC,4177872604.63,66.14,2228146663.35
1365,20190901,USDT,4026198549.68,1.0,13692453816.59
1366,20190901,BNB,3354720068.0,21.57,173772204.73
1367,20190901,EOS,3047908479.86,3.28,1255219409.63
1368,20190901,BSV,2314946418.42,129.65,280438624.14
1369,20190901,XMR,1233580704.17,71.78,50287115.1
1370,20190901,XLM,1226847587.7,0.06247,72357367.33
1371,20190901,ADA,1154858194.54,0.04454,31928554.93
1372,20190901,LEO,1148665271.96,1.15,5022303.27
1373,20190901,TRX,1041912670.75,0.01563,424372233.76
1374,20190901,HT,931382860.73,3.79,70506504.14
1375,20190901,DASH,721956272.69,80.07,149634076.58
1376,20190901,ETC,709299971.67,6.27,512252388.16
1377,20190901,XTZ,681637980.05,1.03,8250825.17
1378,20190901,MIOTA,671499176.38,0.2416,5111188.02
1379,20190901,LINK,621326044.22,1.78,43571942.2
1380,20191001,BTC,149913972767.97,8343.28,15305343412.83
1381,20191001,ETH,19148222891.91,177.34,7676276225.21
1382,20191001,XRP,10761681803.35,0.2496,1319433697.04
1383,20191001,USDT,4134317780.76,1.01,19030134291.75
1384,20191001,BCH,4053313928.67,224.76,1778003921.51
1385,20191001,LTC,3552792224.35,56.06,2325767309.88
1386,20191001,EOS,2762869403.59,2.96,1740106578.2
1387,20191001,BNB,2473533187.64,15.9,125165660.97
1388,20191001,BSV,1516975065.37,84.96,221813390.3
1389,20191001,XLM,1188523859.63,0.0591,163726395.2
1390,20191001,LEO,1041528893.45,1.04,10285777.97
1391,20191001,ADA,998363540.42,0.03851,38320345.91
1392,20191001,XMR,962569246.21,55.84,72773126.84
1393,20191001,TRX,938377942.52,0.01407,615910233.24
1394,20191001,HT,775338488.9,3.16,76704783.83
1395,20191001,MIOTA,753029605.53,0.2709,5869939.59
1396,20191001,LINK,643757762.65,1.84,91602848.94
1397,20191001,DASH,639794753.23,70.51,214628255.63
1398,20191001,XTZ,629756396.4,0.9536,13349265.86
1399,20191001,NEO,531422539.95,7.53,297675738.21
1400,20191101,BTC,166928044163.92,9261.1,24324691031.33
1401,20191101,ETH,19940014310.52,183.97,9145611130.24
1402,20191101,XRP,12656190133.62,0.2926,1572251058.14
1403,20191101,BCH,5049556630.91,279.14,2375427804.92
1404,20191101,USDT,4124890870.72,1.0,27864589885.13
1405,20191101,LTC,3725245519.55,58.58,3425154368.21
1406,20191101,EOS,3147694260.9,3.35,2155169872.31
1407,20191101,BNB,3114078497.03,20.02,198377285.26
1408,20191101,BSV,2345362326.86,129.8,675418596.36
1409,20191101,XLM,1388418167.97,0.06923,412594573.48
1410,20191101,TRX,1312017557.53,0.01968,868159776.84
1411,20191101,ADA,1097888790.61,0.04235,60880836.8
1412,20191101,XMR,1052317484.4,60.87,195288212.51
1413,20191101,LEO,993063613.2,0.9936,10899782.54
1414,20191101,HT,956679412.66,3.96,131523321.17
1415,20191101,LINK,952007823.12,2.72,118225225.43
1416,20191101,MIOTA,762207969.42,0.2742,6016958.88
1417,20191101,NEO,751172316.02,10.65,461750013.75
1418,20191101,DASH,658257776.23,72.08,275488579.56
1419,20191101,ATOM,623512128.54,3.27,141989599.31
1420,20191201,BTC,134215145409.92,7424.29,18720708479.35
1421,20191201,ETH,16443650814.39,151.19,7102780297.54
1422,20191201,XRP,9756884340.97,0.2253,1176237060.4
1423,20191201,USDT,4118235661.15,1.0,21027847332.3
1424,20191201,BCH,3922144119.0,216.17,1260404762.21
1425,20191201,LTC,3041545709.07,47.71,2781413686.07
1426,20191201,EOS,2618290742.23,2.78,1792147034.05
1427,20191201,BNB,2410249227.29,15.5,203268416.7
1428,20191201,BSV,1884411960.68,104.29,377438738.63
1429,20191201,XLM,1164817487.42,0.05808,214999369.9
1430,20191201,TRX,1063601685.2,0.01595,1221749577.2
1431,20191201,ADA,1026365437.17,0.03959,59641355.4
1432,20191201,XMR,928901682.79,53.59,32630308.78
1433,20191201,LEO,920004249.02,0.9205,7672142.66
1434,20191201,XTZ,828296390.47,1.25,24127566.8
1435,20191201,LINK,758496044.01,2.17,136819693.23
1436,20191201,ATOM,726017955.02,3.81,175883739.43
1437,20191201,HT,676072551.96,2.8,155934736.92
1438,20191201,NEO,655229253.43,9.29,313468750.06
1439,20191201,MIOTA,574237706.74,0.2066,5360255.89
1440,20200101,BTC,130580829149.59,7200.17,18565664996.79
1441,20200101,ETH,14271059633.08,130.8,7935230330.48
1442,20200101,XRP,8349802256.49,0.1927,1041134003.13
1443,20200101,USDT,4107371140.39,0.9998,21503143453.98
1444,20200101,BCH,3719917644.43,204.4,1456113691.64
1445,20200101,LTC,2679229283.81,42.02,2782992323.32
1446,20200101,EOS,2459275339.82,2.6,1430406508.85
1447,20200101,BNB,2129155037.08,13.69,172980717.82
1448,20200101,BSV,1756282440.14,97.2,450643881.93
1449,20200101,XTZ,951188893.5,1.37,35642475.21
1450,20200101,XLM,911500591.59,0.04545,168402204.25
1451,20200101,TRX,883513371.29,0.01325,977215884.78
1452,20200101,ADA,867464516.2,0.03346,22948374.26
1453,20200101,ATOM,835245526.83,4.38,107994512.96
1454,20200101,LEO,819549223.54,0.82,6094719.73
1455,20200101,XMR,795254585.54,45.75,75903148.65
1456,20200101,HT,679442489.1,2.82,107014239.95
1457,20200101,LINK,632324085.53,1.81,69723036.63
1458,20200101,NEO,624197830.8,8.85,340927446.88
1459,20200101,999,610270984.21,2.81,16586.94
1460,20200201,BTC,170900662180.11,9392.88,25922656496.18
1461,20200201,ETH,20116913727.95,183.67,11569697182.49
1462,20200201,XRP,10548109280.56,0.2415,1592451417.1
1463,20200201,BCH,6955699068.23,381.01,3218496040.38
1464,20200201,BSV,5086094873.05,278.65,2045188904.23
1465,20200201,USDT,4648011884.0,1.0,34763069931.3
1466,20200201,LTC,4531596557.01,70.82,6009767448.79
1467,20200201,EOS,3955723016.34,4.16,2870748186.07
1468,20200201,BNB,2833617692.69,18.22,238461925.14
1469,20200201,ADA,1454290892.69,0.05609,110646744.08
1470,20200201,ETC,1342452894.2,11.54,2507607884.61
1471,20200201,XMR,1277954138.76,73.34,76400844.2
1472,20200201,TRX,1271241659.38,0.01906,1346616385.73
1473,20200201,XLM,1213096236.39,0.06047,351749271.35
1474,20200201,XTZ,1209947862.23,1.74,37226253.63
1475,20200201,DASH,1092986551.07,117.47,809915886.53
1476,20200201,LINK,993633620.01,2.84,121185567.04
1477,20200201,LEO,871420993.14,0.8719,9749460.99
1478,20200201,MIOTA,848011089.32,0.3051,11189601.26
1479,20200201,ATOM,834520686.12,4.38,153198031.42
1480,20200301,BTC,156238987739.91,8562.45,35349164300.14
1481,20200301,ETH,24069393931.83,218.97,18179807469.1
1482,20200301,XRP,10018780809.13,0.2288,2086828072.15
1483,20200301,BCH,5735791486.26,313.3,4048910842.68
1484,20200301,USDT,4644680725.41,1.0,45828960109.12
1485,20200301,BSV,4182980992.03,228.52,2461691015.52
1486,20200301,LTC,3720790354.57,57.96,4317287190.84
1487,20200301,EOS,3253825123.55,3.53,3451754058.09
1488,20200301,BNB,2949478829.75,18.96,380913102.21
1489,20200301,XTZ,1842690210.54,2.62,118242324.19
1490,20200301,LINK,1357836407.04,3.88,423505999.42
1491,20200301,ADA,1190893585.98,0.04593,96716580.62
1492,20200301,XLM,1136566220.94,0.05625,360604910.3
1493,20200301,XMR,1130665391.85,64.74,101124198.97
1494,20200301,TRX,1100215361.47,0.0165,1530951215.46
1495,20200301,HT,1051670471.64,4.6,608435607.31
1496,20200301,LEO,956124212.55,0.9566,7503919.58
1497,20200301,ETC,902890981.98,7.76,1537094856.75
1498,20200301,NEO,801741236.7,11.37,757272181.21
1499,20200301,DASH,796493790.01,85.11,765429156.86
1500,20200401,BTC,120903014693.27,6606.78,40346426265.73
1501,20200401,ETH,14966424710.33,135.63,12456564434.67
1502,20200401,XRP,7702917453.98,0.1753,2053108171.64
1503,20200401,USDT,6195358201.24,1.0,47949493851.64
1504,20200401,BCH,4113674253.45,224.02,3197608307.66
1505,20200401,BSV,3084576623.45,168.0,2007741933.87
1506,20200401,LTC,2536712327.13,39.38,3303999600.09
1507,20200401,EOS,2089170434.51,2.27,2517775172.19
1508,20200401,BNB,1981787100.92,12.74,332222983.28
1509,20200401,TAGZ5,1176880082.81,3.05,15247.88
1510,20200401,XTZ,1138995986.27,1.62,93197405.81
1511,20200401,LEO,1048526462.19,1.05,9375131.1
1512,20200401,XMR,849270096.57,48.51,118501640.3
1513,20200401,XLM,828110034.26,0.04082,302527865.17
1514,20200401,ADA,799975595.1,0.03085,92295629.31
1515,20200401,LINK,797390894.24,2.28,289006167.93
1516,20200401,TRX,771873065.36,0.01158,810514942.01
1517,20200401,HT,766586992.18,3.39,137860360.86
1518,20200401,CRO,698816660.95,0.04911,4207064.21
1519,20200401,USDC,685000022.55,0.9957,874513925.35
1520,20200501,BTC,162722652380.25,8864.77,44068389996.94
1521,20200501,ETH,23725367639.18,214.22,20816320833.53
1522,20200501,XRP,9671641236.18,0.2192,2306876493.36
1523,20200501,USDT,6412791086.43,1.01,56216767267.63
1524,20200501,BCH,4731861572.66,257.23,3502984887.48
1525,20200501,BSV,3925244466.1,213.4,2237282635.97
1526,20200501,LTC,3089051663.34,47.79,4581731064.74
1527,20200501,BNB,2732001168.5,17.56,453439051.84
1528,20200501,EOS,2662300025.13,2.89,3443984875.05
1529,20200501,XTZ,1994930396.73,2.81,312045670.9
1530,20200501,XLM,1488125622.58,0.07322,764134317.88
1531,20200501,ADA,1329014979.17,0.05126,169546436.64
1532,20200501,LINK,1324114574.68,3.78,387173587.6
1533,20200501,XMR,1118780763.78,63.77,105952990.01
1534,20200501,LEO,1067784354.69,1.07,11604696.38
1535,20200501,TRX,1059754823.48,0.01589,1620462039.46
1536,20200501,CRO,959773096.71,0.05804,8432672.46
1537,20200501,HT,947116678.11,4.25,136209019.05
1538,20200501,DASH,788672292.59,83.26,718770031.6
1539,20200501,ETC,776703003.47,6.68,2149345979.25
1540,20200601,BTC,186993405740.45,10167.27,35198901068.39
1541,20200601,ETH,27459257209.33,246.99,13951727936.45
1542,20200601,XRP,9274691762.97,0.2102,1702904267.06
1543,20200601,USDT,8807934628.45,1.0,39619617695.39
1544,20200601,BCH,4704471365.82,255.35,3467571665.44
1545,20200601,BSV,3734935502.3,202.74,1704571260.9
1546,20200601,LTC,3121604528.6,48.13,3035652543.75
1547,20200601,BNB,2786431039.39,17.91,343444956.7
1548,20200601,EOS,2626478789.93,2.81,2380045715.47
1549,20200601,XTZ,2109096745.95,2.96,122362523.12
1550,20200601,ADA,2104444095.66,0.08117,681780739.04
1551,20200601,CRO,1614216361.94,0.09376,30383432.57
1552,20200601,LINK,1533224811.19,4.38,491355311.69
1553,20200601,XLM,1530037892.67,0.07552,620504741.13
1554,20200601,LEO,1190786372.36,1.19,13922745.02
1555,20200601,XMR,1189235134.74,67.64,110295490.3
1556,20200601,TRX,1134090518.0,0.01701,1709386487.06
1557,20200601,HT,916801354.78,4.16,136374385.72
1558,20200601,HEX,877625319.6,0.004659,3148122.65
1559,20200601,NEO,876379172.36,12.42,783678510.64
1560,20200701,BTC,169988756578.04,9228.33,15971550355.23
1561,20200701,ETH,25788404349.86,231.11,6463737442.75
1562,20200701,USDT,9202338339.48,1.0,20410901923.68
1563,20200701,XRP,7832562653.38,0.177,1115989502.42
1564,20200701,BCH,4127116636.02,223.69,1116192160.74
1565,20200701,BSV,2898312234.9,157.1,989072225.82
1566,20200701,LTC,2707814853.16,41.7,1220528739.72
1567,20200701,ADA,2487802576.49,0.09595,411496623.88
1568,20200701,BNB,2462062195.32,15.83,159837868.57
1569,20200701,CRO,2228619291.31,0.1261,43441646.41
1570,20200701,EOS,2214101634.7,2.37,1076905667.72
1571,20200701,XTZ,1762587430.38,2.4,66019107.71
1572,20200701,LINK,1644389579.88,4.7,320994715.98
1573,20200701,ACA,1411950560.54,0.2016,225466.73
1574,20200701,XLM,1395526475.23,0.06849,316808164.3
1575,20200701,LEO,1252223090.42,1.25,16217270.53
1576,20200701,XMR,1138155748.16,64.61,64478705.06
1577,20200701,TRX,1125001179.25,0.01687,691472812.08
1578,20200701,USDC,927221552.02,1.0,277293073.0
1579,20200701,HT,902934661.47,4.15,82084215.57
1580,20200801,BTC,216950669097.91,11759.59,26075670302.8
1581,20200801,ETH,43144477508.4,385.2,14045259476.54
1582,20200801,XRP,12989037257.57,0.2895,3167874460.88
1583,20200801,USDT,9968353299.44,0.997,36596724667.46
1584,20200801,BCH,5875986524.35,318.0,2447916239.7
1585,20200801,BSV,4496300855.11,243.35,2316011888.56
1586,20200801,LTC,3993808113.87,61.29,3124975566.8
1587,20200801,ADA,3722421374.22,0.1436,362476706.55
1588,20200801,CRO,3217382935.53,0.1734,119518056.92
1589,20200801,BNB,3109135452.88,21.53,264604007.69
1590,20200801,EOS,3077741993.38,3.29,2513497239.61
1591,20200801,LINK,2906560597.67,8.3,757545560.15
1592,20200801,XTZ,2236281910.66,3.03,172314234.88
1593,20200801,XLM,2192580350.89,0.107,400852491.45
1594,20200801,XMR,1575509152.73,89.26,111518763.97
1595,20200801,TRX,1461540770.74,0.0204,625808105.89
1596,20200801,HEX,1351336955.22,0.005008,3234656.96
1597,20200801,LEO,1258958747.75,1.26,16345294.09
1598,20200801,USDC,1078234134.9,0.9964,428788848.94
1599,20200801,HT,1023964330.43,4.75,183122964.89
1600,20200901,BTC,221181001606.84,11970.48,27311555343.11
1601,20200901,ETH,53633933560.13,477.05,18862763755.96
1602,20200901,USDT,13483837146.32,1.0,49809584104.97
1603,20200901,XRP,13304778880.76,0.2957,1730740377.12
1604,20200901,LINK,5642522358.41,16.12,1602445973.19
1605,20200901,BCH,5417103332.71,292.72,1755312158.26
1606,20200901,LTC,4110169775.68,62.88,2717986648.53
1607,20200901,BSV,3768770389.15,203.67,896545578.08
1608,20200901,BNB,3584473533.94,24.82,450200844.35
1609,20200901,CRO,3548814514.78,0.1798,81791054.99
1610,20200901,EOS,3255148211.14,3.48,2683850444.6
1611,20200901,ADA,3251530867.52,0.1254,451299015.39
1612,20200901,XTZ,2552875529.09,3.44,213344459.12
1613,20200901,TRX,2476052862.26,0.03455,2177409507.29
1614,20200901,XLM,2048129408.88,0.09938,261417047.87
1615,20200901,XMR,1717789959.95,97.14,128552757.17
1616,20200901,USDC,1518200791.8,1.0,478155175.21
1617,20200901,NEO,1513803189.04,21.46,993813266.48
1618,20200901,ATOM,1467228912.93,7.25,371396401.38
1619,20200901,XEM,1413927180.99,0.1571,249266583.73
1620,20201001,BTC,196758989013.13,10619.45,40023134099.57
1621,20201001,ETH,39978089511.19,353.21,14679481910.9
1622,20201001,USDT,16380895854.25,1.0,44191606928.61
1623,20201001,XRP,10784594101.82,0.2382,1725071846.03
1624,20201001,BCH,4220081820.06,227.42,1721068341.23
1625,20201001,BNB,3961356725.23,27.43,630087804.83
1626,20201001,LINK,3758730229.17,9.65,1426296389.17
1627,20201001,DOT,3703757887.08,4.34,445143707.89
1628,20201001,BSV,3146275113.93,169.57,721675804.65
1629,20201001,CRO,3133210000.67,0.1495,70212112.77
1630,20201001,LTC,3045433892.04,46.31,2558851054.37
1631,20201001,ADA,3044828930.93,0.09787,743737566.07
1632,20201001,USDC,2810971886.78,1.0,487472949.21
1633,20201001,EOS,2388610050.47,2.55,2100605273.86
1634,20201001,TRX,1834187058.61,0.0256,1221295537.41
1635,20201001,XMR,1821244478.37,102.66,854570165.21
1636,20201001,XTZ,1664930377.05,2.23,147412386.6
1637,20201001,XLM,1526295100.64,0.07317,158828555.85
1638,20201001,NEO,1325302982.38,18.79,529229041.37
1639,20201001,LEO,1267753838.76,1.27,16606628.67
1640,20201101,BTC,254569759062.59,13737.11,24453857900.09
1641,20201101,ETH,44888307221.41,396.36,10475146018.4
1642,20201101,USDT,16660908761.15,1.0,34361640767.79
1643,20201101,XRP,10859147268.26,0.2398,1855741695.95
1644,20201101,BCH,4966023215.63,267.56,1785981044.79
1645,20201101,LINK,4505164094.0,11.54,1319631443.18
1646,20201101,BNB,4110036786.41,28.46,338657898.35
1647,20201101,LTC,3656933388.56,55.59,2045991009.64
1648,20201101,DOT,3602960876.34,4.23,302861123.82
1649,20201101,BSV,3055524326.97,164.64,590083841.11
1650,20201101,ADA,3055149296.56,0.0982,609565848.91
1651,20201101,USDC,2928676111.04,1.0,351799541.07
1652,20201101,EOS,2354568950.58,2.51,1756289005.29
1653,20201101,XMR,2245789059.92,126.56,945308160.69
1654,20201101,TRX,1843620256.34,0.02573,740672528.18
1655,20201101,CRO,1774246996.23,0.08421,73777939.68
1656,20201101,XLM,1638302979.69,0.07848,115500840.55
1657,20201101,WBTC,1606961708.12,13649.2,39127216.13
1658,20201101,XTZ,1486194807.34,1.99,107373598.85
1659,20201101,LEO,1262119794.87,1.26,8954781.72
1660,20201201,BTC,349699328163.49,18803.0,49633658712.12
1661,20201201,ETH,67082609014.29,587.32,27178964464.9
1662,20201201,XRP,27829192236.32,0.6129,16985355820.33
1663,20201201,USDT,24264364649.42,1.0,91231924619.41
1664,20201201,LTC,5659745161.63,85.44,9818290618.39
1665,20201201,LINK,5362636739.98,13.39,1850007076.62
1666,20201201,BCH,5359575214.14,288.14,4197968842.11
1667,20201201,ADA,4853014491.51,0.156,2071556993.83
1668,20201201,USDC,4679120954.27,1.0,791656263.83
1669,20201201,DOT,4578002392.51,5.09,777715514.44
1670,20201201,BNB,4347836463.33,30.11,467818960.31
1671,20201201,XLM,4071575453.12,0.1844,917146766.65
1672,20201201,BSV,3154064751.91,169.37,772317897.89
1673,20201201,EOS,2813851379.27,3.0,4774952881.24
1674,20201201,XMR,2242910731.71,125.93,867323872.74
1675,20201201,WBTC,2178649369.78,18828.38,67345144.59
1676,20201201,TRX,2169664590.85,0.03028,1616257102.0
1677,20201201,XTZ,1762519522.02,2.33,307228805.5
1678,20201201,XEM,1713067254.24,0.1903,68821689.16
1679,20201201,CRO,1484432285.76,0.06558,53926457.59
1680,20210101,BTC,546001594837.51,29374.15,40730301358.64
1681,20210101,ETH,83318539689.42,730.37,13652004358.41
1682,20210101,USDT,21116011794.9,1.0,60509986287.06
1683,20210101,XRP,10780931627.26,0.2374,5888429287.11
1684,20210101,LTC,8358909485.91,126.23,7326980727.5
1685,20210101,DOT,7442884317.76,8.31,2791211123.45
1686,20210101,BCH,6361227988.97,341.99,3490086847.33
1687,20210101,ADA,5455571952.6,0.1753,1122218004.36
1688,20210101,BNB,5473732252.44,37.91,459165743.26
1689,20210101,LINK,4737262863.87,11.87,1376173840.92
1690,20210101,USDC,4029299602.39,0.9998,944050095.23
1691,20210101,WBTC,3396051533.93,29349.44,73396341.71
1692,20210101,BSV,3036168624.29,163.12,309676884.81
1693,20210101,XLM,2901669479.13,0.1324,493194344.83
1694,20210101,EOS,2474974459.47,2.64,2202334582.85
1695,20210101,XMR,2421861835.5,136.05,1946205728.98
1696,20210101,XEM,2001052266.34,0.2223,194318115.5
1697,20210101,THETA,1971477307.82,1.97,376954102.02
1698,20210101,TRX,1930480208.28,0.02694,740550356.39
1699,20210101,XTZ,1517456360.68,2.01,177515578.62
1700,20210201,BTC,624349044409.11,33537.18,61400400660.27
1701,20210201,ETH,156750867717.36,1369.04,29210670919.95
1702,20210201,USDT,26618802807.6,1.0,117812471778.37
1703,20210201,XRP,16867989811.85,0.3715,34974233953.32
1704,20210201,DOT,14839696019.15,16.38,2228986207.72
1705,20210201,ADA,12508252625.67,0.402,3838085988.72
1706,20210201,LINK,9227433045.35,22.84,2422414492.54
1707,20210201,LTC,8761704258.91,131.95,5607159827.99
1708,20210201,BNB,7975081034.01,51.61,1256933735.33
1709,20210201,BCH,7718642898.18,414.02,5447738735.85
1710,20210201,XLM,7167741271.19,0.3218,3711837884.54
1711,20210201,UNI,5907917256.9,20.42,2217716965.97
1712,20210201,USDC,5830863846.96,0.9999,1456048771.78
1713,20210201,DOGE,4470660188.63,0.03487,6319224026.18
1714,20210201,WBTC,3942142013.29,33702.03,212151449.82
1715,20210201,AAVE,3643317247.54,295.66,639510002.09
1716,20210201,BSV,3331497953.19,178.72,928293220.74
1717,20210201,EOS,2907243091.73,3.06,6293241599.41
1718,20210201,XMR,2562614382.8,143.74,988331547.5
1719,20210201,XEM,2376524006.96,0.2641,214472351.46
1720,20210301,BTC,925235527882.26,49631.24,53891300112.16
1721,20210301,ETH,179746905785.99,1564.71,24032838645.35
1722,20210301,ADA,41289607566.2,1.29,9775330112.96
1723,20210301,BNB,39348672760.49,254.63,5008256560.58
1724,20210301,USDT,35068760205.18,1.0,96252860017.34
1725,20210301,DOT,32539365963.27,35.58,3311498739.4
1726,20210301,XRP,20306685603.41,0.4472,3547533776.77
1727,20210301,LTC,11666301506.45,175.24,4627257693.61
1728,20210301,LINK,11319158711.27,27.61,2279573086.8
1729,20210301,XLM,9691779736.13,0.4303,1390709358.09
1730,20210301,BCH,9351791705.27,500.95,3643964253.22
1731,20210301,USDC,8866076772.01,0.9998,1740798093.92
1732,20210301,UNI,7931306354.43,25.44,839066478.44
1733,20210301,DOGE,6505875327.86,0.0506,1494427207.22
1734,20210301,WBTC,6112864377.52,49528.86,151039388.88
1735,20210301,XEM,5963062021.52,0.6626,577232987.39
1736,20210301,AAVE,4787397636.72,385.42,743260217.03
1737,20210301,XMR,4110001598.27,230.23,646909762.73
1738,20210301,ATOM,3929510158.09,18.61,472927333.54
1739,20210301,SOL,3916870452.46,14.96,306451693.03
1740,20210401,BTC,1103377830758.3,59095.81,61669163792.39
1741,20210401,ETH,227970125751.28,1977.28,30914259795.49
1742,20210401,BNB,51801379680.39,335.21,3718677616.2
1743,20210401,USDT,40742058574.82,1.0,108310288783.97
1744,20210401,ADA,37994346512.43,1.19,2309789364.09
1745,20210401,DOT,34849767583.83,37.67,2811720573.94
1746,20210401,XRP,26302184998.9,0.5793,4725008531.38
1747,20210401,UNI,15003733934.99,28.74,751718827.64
1748,20210401,LTC,13625003715.79,204.11,3871809467.34
1749,20210401,LINK,12577308561.03,30.23,1814724170.55
1750,20210401,FIL,11948462148.11,188.18,12367984683.38
1751,20210401,THETA,11595347911.93,11.6,576774516.62
1752,20210401,USDC,10640299852.42,1.0,1515653266.12
1753,20210401,BCH,10500685120.59,561.66,3271470706.06
1754,20210401,KLAY,9996501148.1,4.08,543970797.36
1755,20210401,XLM,9826535682.15,0.4325,1465378532.51
1756,20210401,WBTC,8276105044.86,59071.53,160744443.28
1757,20210401,DOGE,7996434168.48,0.06199,5816046821.92
1758,20210401,LUNA,7210141405.75,18.52,329541119.46
1759,20210401,TRX,6171329844.52,0.08612,6635312741.05
1760,20210501,BTC,1081174515342.54,57828.05,42836427359.73
1761,20210501,ETH,340840444354.06,2945.89,28726205271.99
1762,20210501,BNB,95028239639.54,619.35,4065705136.12
1763,20210501,XRP,74963184004.41,1.65,8206771323.36
1764,20210501,USDT,51506811113.98,1.0,93561408428.31
1765,20210501,DOGE,50860335490.54,0.393,10123343702.53
1766,20210501,ADA,43228336016.93,1.35,2030816121.62
1767,20210501,DOT,34504880432.47,36.93,1596159167.57
1768,20210501,UNI,21039928450.67,40.2,747988502.25
1769,20210501,BCH,18819685196.14,1005.08,3302890216.58
1770,20210501,LTC,18479305894.78,276.83,3611805751.87
1771,20210501,LINK,17228105963.22,41.12,1635368352.74
1772,20210501,USDC,14382369887.88,1.0,1867976129.14
1773,20210501,SOL,13490574630.96,49.51,859524422.56
1774,20210501,VET,13132571054.97,0.2042,1583517269.81
1775,20210501,XLM,12402481464.72,0.5398,1056846204.86
1776,20210501,THETA,11466469363.75,11.47,324615059.87
1777,20210501,FIL,11363013082.46,164.38,1100844275.22
1778,20210501,WBTC,9395069262.66,57790.95,211829642.44
1779,20210501,TRX,9395162184.75,0.1311,1935148531.51
1780,20210601,BTC,686891021224.92,36684.92,34639423297.36
1781,20210601,ETH,305798597367.09,2633.52,27363223089.54
1782,20210601,USDT,61790048178.69,1.0,84110288078.85
1783,20210601,ADA,55422434614.77,1.73,4123980990.36
1784,20210601,BNB,55664633493.58,362.79,3425775257.07
1785,20210601,DOGE,48050998400.7,0.3701,5796031086.9
1786,20210601,XRP,46658714117.17,1.01,5606414479.35
1787,20210601,USDC,22666917055.27,1.0,1999280287.35
1788,20210601,DOT,21534458659.28,22.81,2230220977.87
1789,20210601,UNI,15498319588.84,27.4,753430864.13
1790,20210601,ICP,13346924539.28,107.59,149595133.16
1791,20210601,LINK,13185519244.07,30.7,1987644783.14
1792,20210601,BCH,12965590139.9,691.4,2680399958.52
1793,20210601,LTC,12214402940.37,182.98,2965166591.64
1794,20210601,MATIC,11404290496.31,1.82,2319361513.34
1795,20210601,XLM,9655686712.08,0.4177,1518957700.69
1796,20210601,BUSD,8722248629.77,1.0,6202049643.23
1797,20210601,SOL,8447741686.95,30.99,432053117.17
1798,20210601,ETC,7884751115.79,67.79,3205445345.06
1799,20210601,VET,7763896019.25,0.1207,982507746.97
1800,20210701,BTC,629339325297.74,33572.12,37838957079.15
1801,20210701,ETH,246278235669.23,2113.61,29061701792.69
1802,20210701,USDT,62392336245.08,1.0,54577458289.07
1803,20210701,BNB,44222184819.38,288.22,1357794785.51
1804,20210701,ADA,42667882477.12,1.34,2002167964.67
1805,20210701,DOGE,31852848923.39,0.2445,2463946547.98
1806,20210701,XRP,30511435259.84,0.6612,2553971176.92
1807,20210701,USDC,25213067934.09,1.0,2063325692.75
1808,20210701,DOT,14620685887.86,15.28,883647160.55
1809,20210701,BUSD,10306117547.65,1.0,4023897602.47
1810,20210701,UNI,10279957542.37,17.87,364624991.39
1811,20210701,BCH,9355381215.77,498.19,1766801085.84
1812,20210701,LTC,9183632148.21,137.58,1681324823.42
1813,20210701,SOL,9107189782.04,33.4,474665320.76
1814,20210701,LINK,7958193564.12,18.27,779093195.07
1815,20210701,MATIC,6791037186.95,1.08,596223499.83
1816,20210701,WBTC,6565561009.79,33519.05,179974095.14
1817,20210701,THETA,6325694603.71,6.33,222020001.22
1818,20210701,ICP,6275641017.69,45.84,394325155.23
1819,20210701,XLM,6265386510.51,0.2697,371285152.6
1820,20210801,BTC,750472428208.37,39974.9,26688438115.4
1821,20210801,ETH,299564961374.27,2561.85,22697987055.17
1822,20210801,USDT,61892139970.2,1.0,56095370225.53
1823,20210801,BNB,56071010565.43,333.48,1788390754.53
1824,20210801,ADA,42274401646.46,1.32,1862585305.01
1825,20210801,XRP,33619230716.93,0.7259,2529023488.35
1826,20210801,USDC,27421062363.65,1.0,2486455912.3
1827,20210801,DOGE,26715951374.75,0.2044,1711494501.16
1828,20210801,DOT,18050367644.58,18.41,2765314957.53
1829,20210801,UNI,12941271988.56,22.03,490870113.26
1830,20210801,BUSD,12227406453.63,1.0,4411057512.78
1831,20210801,BCH,9926443814.55,527.84,1984049269.85
1832,20210801,LINK,9802400540.33,22.13,1289766472.37
1833,20210801,LTC,9394436650.26,140.74,1520253710.53
1834,20210801,SOL,9339020650.68,34.25,490639931.31
1835,20210801,WBTC,7704484261.56,40007.87,310977157.39
1836,20210801,MATIC,6761867778.06,1.05,797582648.14
1837,20210801,ETC,6488271710.72,50.42,2396071058.86
1838,20210801,XLM,6460780552.91,0.2762,629418983.37
1839,20210801,THETA,5766233923.85,5.77,310595302.94
1840,20210901,BTC,918501510157.02,48847.03,39139399124.64
1841,20210901,ETH,450021945300.48,3834.83,30070890103.59
1842,20210901,ADA,92281796867.89,2.87,4652638821.59
1843,20210901,BNB,82398701800.94,490.07,2303587593.03
1844,20210901,USDT,65621760343.21,1.0,86157816302.09
1845,20210901,XRP,57474640799.59,1.23,4937053998.16
1846,20210901,DOGE,38596297312.75,0.2944,1937809621.71
1847,20210901,DOT,32727865351.87,33.14,3610653474.91
1848,20210901,SOL,32279142628.12,111.03,3974443896.04
1849,20210901,USDC,27506771008.59,0.9998,3244150267.44
1850,20210901,UNI,19142288787.61,31.3,898552593.83
1851,20210901,LINK,13351380854.39,29.74,1847068364.0
1852,20210901,LUNA,12710172822.65,31.66,991867136.74
1853,20210901,BUSD,12490832735.81,1.0,5912049456.5
1854,20210901,BCH,12370554297.59,656.82,3115775777.9
1855,20210901,LTC,12080365344.59,180.97,2807031001.11
1856,20210901,ICP,10408000867.64,66.23,552607197.0
1857,20210901,WBTC,9737772836.41,48977.07,406954819.25
1858,20210901,MATIC,9570461338.33,1.47,1549697809.86
1859,20210901,ETC,8937203258.12,68.97,5866856734.18
1860,20211001,BTC,906127699407.77,48116.94,42850641581.55
1861,20211001,ETH,389475327627.18,3307.52,22307625572.73
1862,20211001,ADA,72318306216.7,2.26,3235813426.57
1863,20211001,BNB,70893833853.8,421.64,2162493377.68
1864,20211001,USDT,68036169183.34,1.0,81411630527.39
1865,20211001,XRP,48743111955.39,1.04,5125674348.85
1866,20211001,SOL,48133442239.44,161.68,4387488319.89
1867,20211001,USDC,31894088112.81,0.9995,3489367696.26
1868,20211001,DOT,31571702942.08,31.97,1998408914.54
1869,20211001,DOGE,29329208155.44,0.223,1435469262.66
1870,20211001,UNI,15680148453.84,25.64,704377664.06
1871,20211001,LUNA,15087200251.56,37.74,1270901115.47
1872,20211001,AVAX,14884850536.09,67.57,1441796222.15
1873,20211001,BUSD,13008615785.62,0.9996,6536445527.28
1874,20211001,LINK,12005032205.6,26.3,1269326500.13
1875,20211001,LTC,11089758625.96,166.13,3075986939.63
1876,20211001,ALGO,10722163283.52,1.77,624507473.98
1877,20211001,BCH,10247148409.29,543.3,1204656912.63
1878,20211001,WBTC,9908835076.83,48131.4,372233877.33
1879,20211001,ICP,8628932254.51,51.84,359994200.53
